"Timestamp","FCU-00-22 PIR Log","FCU-00-22 Enable Log","FCU-00-22 Status Log"
"24/03/2020 1:50:32 PM","0.00","1.00","1.00"
"24/03/2020 1:23:25 PM","1.00","1.00","1.00"
"24/03/2020 1:08:11 PM","0.00","1.00","1.00"
"24/03/2020 12:55:50 PM","1.00","1.00","1.00"
"24/03/2020 12:49:53 PM","0.00","1.00","1.00"
"24/03/2020 12:38:00 PM","1.00","1.00","1.00"
"24/03/2020 12:30:35 PM","0.00","1.00","1.00"
"24/03/2020 12:22:02 PM","1.00","1.00","1.00"
"24/03/2020 12:18:50 PM","0.00","1.00","1.00"
"24/03/2020 12:08:58 PM","1.00","1.00","1.00"
"24/03/2020 11:59:48 AM","0.00","1.00","1.00"
"24/03/2020 11:29:51 AM","1.00","1.00","1.00"
"24/03/2020 9:56:40 AM","0.00","1.00","1.00"
"24/03/2020 9:50:54 AM","1.00","1.00","1.00"
"24/03/2020 6:22:27 AM","0.00","1.00","1.00"
"24/03/2020 6:08:20 AM","1.00","1.00","1.00"
"24/03/2020 6:00:26 AM","0.00","1.00","1.00"
"24/03/2020 6:00:01 AM","0.00","1.00","0.00"
"23/03/2020 6:00:13 PM","0.00","0.00","0.00"
"23/03/2020 6:00:11 PM","0.00","0.00","1.00"
"23/03/2020 5:53:15 PM","0.00","1.00","1.00"
"23/03/2020 4:42:59 PM","1.00","1.00","1.00"
"23/03/2020 4:19:56 PM","0.00","1.00","1.00"
"23/03/2020 2:32:10 PM","1.00","1.00","1.00"
"23/03/2020 2:31:50 PM","0.00","1.00","1.00"
"23/03/2020 11:17:16 AM","1.00","1.00","1.00"
"23/03/2020 11:12:28 AM","0.00","1.00","1.00"
"23/03/2020 8:40:16 AM","1.00","1.00","1.00"
"23/03/2020 6:13:01 AM","0.00","1.00","1.00"
"23/03/2020 6:00:37 AM","1.00","1.00","1.00"
"23/03/2020 6:00:01 AM","1.00","1.00","0.00"
"23/03/2020 5:55:42 AM","1.00","0.00","0.00"
"20/03/2020 8:37:32 PM","0.00","0.00","0.00"
"20/03/2020 8:37:31 PM","0.00","0.00","1.00"
"20/03/2020 8:06:28 PM","0.00","1.00","1.00"
"20/03/2020 6:06:48 PM","1.00","1.00","1.00"
"20/03/2020 6:06:11 PM","1.00","1.00","0.00"
"20/03/2020 6:00:06 PM","1.00","0.00","0.00"
"20/03/2020 6:00:01 PM","1.00","0.00","1.00"
"20/03/2020 4:16:05 PM","1.00","1.00","1.00"
"20/03/2020 3:31:25 PM","0.00","1.00","1.00"
"20/03/2020 11:12:39 AM","1.00","1.00","1.00"
"20/03/2020 10:32:56 AM","0.00","1.00","1.00"
"20/03/2020 10:27:33 AM","1.00","1.00","1.00"
"20/03/2020 6:21:07 AM","0.00","1.00","1.00"
"20/03/2020 6:04:45 AM","1.00","1.00","1.00"
"20/03/2020 6:00:29 AM","0.00","1.00","1.00"
"20/03/2020 6:00:11 AM","0.00","1.00","0.00"
"19/03/2020 7:39:37 PM","0.00","0.00","0.00"
"19/03/2020 7:39:31 PM","0.00","0.00","1.00"
"19/03/2020 7:08:17 PM","0.00","1.00","1.00"
"19/03/2020 6:06:57 PM","1.00","1.00","1.00"
"19/03/2020 6:06:11 PM","1.00","1.00","0.00"
"19/03/2020 6:00:03 PM","1.00","0.00","0.00"
"19/03/2020 6:00:01 PM","1.00","0.00","1.00"
"19/03/2020 3:01:02 PM","1.00","1.00","1.00"
"19/03/2020 2:59:07 PM","0.00","1.00","1.00"
"19/03/2020 12:58:02 PM","1.00","1.00","1.00"
"19/03/2020 12:13:38 PM","0.00","1.00","1.00"
"19/03/2020 10:23:42 AM","1.00","1.00","1.00"
"19/03/2020 6:20:32 AM","0.00","1.00","1.00"
"19/03/2020 6:09:08 AM","1.00","1.00","1.00"
"19/03/2020 6:00:35 AM","0.00","1.00","1.00"
"19/03/2020 6:00:11 AM","0.00","1.00","0.00"
"18/03/2020 6:15:55 PM","0.00","0.00","0.00"
"18/03/2020 6:10:52 PM","1.00","0.00","0.00"
"18/03/2020 6:00:03 PM","0.00","0.00","0.00"
"18/03/2020 6:00:01 PM","0.00","0.00","1.00"
"18/03/2020 5:38:06 PM","0.00","1.00","1.00"
"18/03/2020 9:53:24 AM","1.00","1.00","1.00"
"18/03/2020 6:13:47 AM","0.00","1.00","1.00"
"18/03/2020 6:03:10 AM","1.00","1.00","1.00"
"18/03/2020 6:00:18 AM","0.00","1.00","1.00"
"18/03/2020 6:00:01 AM","0.00","1.00","0.00"
"17/03/2020 7:21:31 PM","0.00","0.00","0.00"
"17/03/2020 7:21:21 PM","0.00","0.00","1.00"
"17/03/2020 6:50:13 PM","0.00","1.00","1.00"
"17/03/2020 6:27:58 PM","1.00","1.00","1.00"
"17/03/2020 6:24:02 PM","0.00","1.00","1.00"
"17/03/2020 6:06:37 PM","1.00","1.00","1.00"
"17/03/2020 6:06:11 PM","1.00","1.00","0.00"
"17/03/2020 6:00:14 PM","1.00","0.00","0.00"
"17/03/2020 6:00:11 PM","1.00","0.00","1.00"
"17/03/2020 3:42:51 PM","1.00","1.00","1.00"
"17/03/2020 2:24:10 PM","0.00","1.00","1.00"
"17/03/2020 12:45:35 PM","1.00","1.00","1.00"
"17/03/2020 7:39:32 AM","0.00","1.00","1.00"
"17/03/2020 7:34:24 AM","1.00","1.00","1.00"
"17/03/2020 6:28:46 AM","0.00","1.00","1.00"
"17/03/2020 6:23:05 AM","1.00","1.00","1.00"
"17/03/2020 6:20:03 AM","0.00","1.00","1.00"
"17/03/2020 6:04:25 AM","1.00","1.00","1.00"
"17/03/2020 6:00:28 AM","0.00","1.00","1.00"
"17/03/2020 6:00:11 AM","0.00","1.00","0.00"
"16/03/2020 11:14:42 PM","0.00","0.00","0.00"
"16/03/2020 11:14:41 PM","0.00","0.00","1.00"
"16/03/2020 10:43:37 PM","0.00","1.00","1.00"
"16/03/2020 6:07:30 PM","1.00","1.00","1.00"
"16/03/2020 6:06:01 PM","1.00","1.00","0.00"
"16/03/2020 6:00:03 PM","1.00","0.00","0.00"
"16/03/2020 6:00:01 PM","1.00","0.00","1.00"
"16/03/2020 5:33:33 PM","1.00","1.00","1.00"
"16/03/2020 4:39:04 PM","0.00","1.00","1.00"
"16/03/2020 7:02:31 AM","1.00","1.00","1.00"
"16/03/2020 6:14:46 AM","0.00","1.00","1.00"
"16/03/2020 6:00:40 AM","1.00","1.00","1.00"
"16/03/2020 6:00:01 AM","1.00","1.00","0.00"
"16/03/2020 5:55:45 AM","1.00","0.00","0.00"
"14/03/2020 1:28:28 PM","0.00","0.00","0.00"
"14/03/2020 1:28:21 PM","0.00","0.00","1.00"
"14/03/2020 12:57:07 PM","0.00","1.00","1.00"
"14/03/2020 12:55:53 PM","1.00","1.00","1.00"
"14/03/2020 12:55:31 PM","1.00","1.00","0.00"
"14/03/2020 12:49:31 PM","1.00","0.00","0.00"
"14/03/2020 9:45:49 AM","0.00","0.00","0.00"
"14/03/2020 9:45:41 AM","0.00","0.00","1.00"
"14/03/2020 9:28:49 AM","0.00","1.00","1.00"
"14/03/2020 9:14:30 AM","0.00","1.00","0.00"
"14/03/2020 8:59:05 AM","1.00","1.00","0.00"
"14/03/2020 8:58:15 AM","0.00","1.00","0.00"
"14/03/2020 8:39:31 AM","1.00","1.00","0.00"
"14/03/2020 8:37:16 AM","0.00","1.00","0.00"
"14/03/2020 8:26:05 AM","1.00","1.00","0.00"
"14/03/2020 8:24:24 AM","0.00","1.00","0.00"
"14/03/2020 8:20:01 AM","1.00","1.00","0.00"
"14/03/2020 8:13:53 AM","1.00","0.00","0.00"
"14/03/2020 6:26:32 AM","0.00","0.00","0.00"
"14/03/2020 6:26:31 AM","0.00","0.00","1.00"
"14/03/2020 5:55:29 AM","0.00","1.00","1.00"
"14/03/2020 5:53:16 AM","1.00","1.00","1.00"
"14/03/2020 5:52:51 AM","1.00","1.00","0.00"
"14/03/2020 5:46:44 AM","1.00","0.00","0.00"
"13/03/2020 6:00:12 PM","0.00","0.00","0.00"
"13/03/2020 6:00:11 PM","0.00","0.00","1.00"
"13/03/2020 5:10:25 PM","0.00","1.00","1.00"
"13/03/2020 5:02:59 PM","1.00","1.00","1.00"
"13/03/2020 4:55:57 PM","0.00","1.00","1.00"
"13/03/2020 4:49:52 PM","1.00","1.00","1.00"
"13/03/2020 4:34:48 PM","0.00","1.00","1.00"
"13/03/2020 4:29:35 PM","1.00","1.00","1.00"
"13/03/2020 4:27:45 PM","0.00","1.00","1.00"
"13/03/2020 1:01:50 PM","1.00","1.00","1.00"
"13/03/2020 12:59:33 PM","0.00","1.00","1.00"
"13/03/2020 12:46:34 PM","1.00","1.00","1.00"
"13/03/2020 12:42:51 PM","0.00","1.00","1.00"
"13/03/2020 12:35:36 PM","1.00","1.00","1.00"
"13/03/2020 12:30:22 PM","0.00","1.00","1.00"
"13/03/2020 12:22:09 PM","1.00","1.00","1.00"
"13/03/2020 12:22:03 PM","0.00","1.00","1.00"
"13/03/2020 12:12:48 PM","1.00","1.00","1.00"
"13/03/2020 12:07:08 PM","0.00","1.00","1.00"
"13/03/2020 11:55:31 AM","1.00","1.00","1.00"
"13/03/2020 11:46:34 AM","0.00","1.00","1.00"
"13/03/2020 8:42:58 AM","1.00","1.00","1.00"
"13/03/2020 8:40:09 AM","0.00","1.00","1.00"
"13/03/2020 8:30:28 AM","1.00","1.00","1.00"
"13/03/2020 8:26:46 AM","0.00","1.00","1.00"
"13/03/2020 8:21:34 AM","1.00","1.00","1.00"
"13/03/2020 8:12:40 AM","0.00","1.00","1.00"
"13/03/2020 7:42:01 AM","1.00","1.00","1.00"
"13/03/2020 6:02:59 AM","0.00","1.00","1.00"
"13/03/2020 6:00:34 AM","1.00","1.00","1.00"
"13/03/2020 6:00:11 AM","1.00","1.00","0.00"
"13/03/2020 5:54:21 AM","1.00","0.00","0.00"
"12/03/2020 6:16:09 PM","0.00","0.00","0.00"
"12/03/2020 6:11:07 PM","1.00","0.00","0.00"
"12/03/2020 6:00:08 PM","0.00","0.00","0.00"
"12/03/2020 6:00:01 PM","0.00","0.00","1.00"
"12/03/2020 5:05:14 PM","0.00","1.00","1.00"
"12/03/2020 4:57:23 PM","1.00","1.00","1.00"
"12/03/2020 4:50:29 PM","0.00","1.00","1.00"
"12/03/2020 4:45:10 PM","1.00","1.00","1.00"
"12/03/2020 4:35:07 PM","0.00","1.00","1.00"
"12/03/2020 4:29:53 PM","1.00","1.00","1.00"
"12/03/2020 4:29:41 PM","0.00","1.00","1.00"
"12/03/2020 4:24:10 PM","1.00","1.00","1.00"
"12/03/2020 4:19:06 PM","0.00","1.00","1.00"
"12/03/2020 1:17:11 PM","1.00","1.00","1.00"
"12/03/2020 1:15:49 PM","0.00","1.00","1.00"
"12/03/2020 12:50:03 PM","1.00","1.00","1.00"
"12/03/2020 12:48:50 PM","0.00","1.00","1.00"
"12/03/2020 12:43:03 PM","1.00","1.00","1.00"
"12/03/2020 12:41:40 PM","0.00","1.00","1.00"
"12/03/2020 12:36:15 PM","1.00","1.00","1.00"
"12/03/2020 12:27:17 PM","0.00","1.00","1.00"
"12/03/2020 12:16:06 PM","1.00","1.00","1.00"
"12/03/2020 12:14:13 PM","0.00","1.00","1.00"
"12/03/2020 8:56:40 AM","1.00","1.00","1.00"
"12/03/2020 8:43:52 AM","0.00","1.00","1.00"
"12/03/2020 8:33:26 AM","1.00","1.00","1.00"
"12/03/2020 8:29:12 AM","0.00","1.00","1.00"
"12/03/2020 8:24:00 AM","1.00","1.00","1.00"
"12/03/2020 8:13:45 AM","0.00","1.00","1.00"
"12/03/2020 8:05:40 AM","1.00","1.00","1.00"
"12/03/2020 8:00:46 AM","0.00","1.00","1.00"
"12/03/2020 7:44:47 AM","1.00","1.00","1.00"
"12/03/2020 6:15:55 AM","0.00","1.00","1.00"
"12/03/2020 6:07:02 AM","1.00","1.00","1.00"
"12/03/2020 6:00:36 AM","0.00","1.00","1.00"
"12/03/2020 6:00:11 AM","0.00","1.00","0.00"
"11/03/2020 6:00:07 PM","0.00","0.00","0.00"
"11/03/2020 6:00:01 PM","0.00","0.00","1.00"
"11/03/2020 4:57:34 PM","0.00","1.00","1.00"
"11/03/2020 4:46:21 PM","1.00","1.00","1.00"
"11/03/2020 4:38:55 PM","0.00","1.00","1.00"
"11/03/2020 4:33:23 PM","1.00","1.00","1.00"
"11/03/2020 4:32:58 PM","0.00","1.00","1.00"
"11/03/2020 1:03:19 PM","1.00","1.00","1.00"
"11/03/2020 12:54:53 PM","0.00","1.00","1.00"
"11/03/2020 12:49:30 PM","1.00","1.00","1.00"
"11/03/2020 12:47:32 PM","0.00","1.00","1.00"
"11/03/2020 12:36:35 PM","1.00","1.00","1.00"
"11/03/2020 12:35:49 PM","0.00","1.00","1.00"
"11/03/2020 12:30:25 PM","1.00","1.00","1.00"
"11/03/2020 12:27:17 PM","0.00","1.00","1.00"
"11/03/2020 11:51:48 AM","1.00","1.00","1.00"
"11/03/2020 11:46:12 AM","0.00","1.00","1.00"
"11/03/2020 8:59:10 AM","1.00","1.00","1.00"
"11/03/2020 8:57:53 AM","0.00","1.00","1.00"
"11/03/2020 8:52:46 AM","1.00","1.00","1.00"
"11/03/2020 8:52:31 AM","0.00","1.00","1.00"
"11/03/2020 8:39:48 AM","1.00","1.00","1.00"
"11/03/2020 8:37:52 AM","0.00","1.00","1.00"
"11/03/2020 8:31:12 AM","1.00","1.00","1.00"
"11/03/2020 8:20:54 AM","0.00","1.00","1.00"
"11/03/2020 8:15:48 AM","1.00","1.00","1.00"
"11/03/2020 8:14:38 AM","0.00","1.00","1.00"
"11/03/2020 7:46:43 AM","1.00","1.00","1.00"
"11/03/2020 7:45:59 AM","0.00","1.00","1.00"
"11/03/2020 7:24:17 AM","1.00","1.00","1.00"
"11/03/2020 6:18:18 AM","0.00","1.00","1.00"
"11/03/2020 6:09:10 AM","1.00","1.00","1.00"
"11/03/2020 6:00:29 AM","0.00","1.00","1.00"
"11/03/2020 6:00:11 AM","0.00","1.00","0.00"
"10/03/2020 6:47:32 PM","0.00","0.00","0.00"
"10/03/2020 6:47:31 PM","0.00","0.00","1.00"
"10/03/2020 6:18:18 PM","0.00","1.00","1.00"
"10/03/2020 6:17:21 PM","0.00","1.00","0.00"
"10/03/2020 6:16:19 PM","0.00","0.00","0.00"
"10/03/2020 6:11:16 PM","1.00","0.00","0.00"
"10/03/2020 6:00:19 PM","0.00","0.00","0.00"
"10/03/2020 6:00:11 PM","0.00","0.00","1.00"
"10/03/2020 5:06:09 PM","0.00","1.00","1.00"
"10/03/2020 12:45:05 PM","1.00","1.00","1.00"
"10/03/2020 12:44:39 PM","0.00","1.00","1.00"
"10/03/2020 12:05:12 PM","1.00","1.00","1.00"
"10/03/2020 12:04:24 PM","0.00","1.00","1.00"
"10/03/2020 8:49:42 AM","1.00","1.00","1.00"
"10/03/2020 8:46:14 AM","0.00","1.00","1.00"
"10/03/2020 7:52:09 AM","1.00","1.00","1.00"
"10/03/2020 7:49:25 AM","0.00","1.00","1.00"
"10/03/2020 7:44:12 AM","1.00","1.00","1.00"
"10/03/2020 7:33:42 AM","0.00","1.00","1.00"
"10/03/2020 7:18:16 AM","1.00","1.00","1.00"
"10/03/2020 7:04:32 AM","0.00","1.00","1.00"
"10/03/2020 6:59:17 AM","1.00","1.00","1.00"
"10/03/2020 6:18:04 AM","0.00","1.00","1.00"
"10/03/2020 6:09:45 AM","1.00","1.00","1.00"
"10/03/2020 6:00:26 AM","0.00","1.00","1.00"
"10/03/2020 6:00:11 AM","0.00","1.00","0.00"
"9/03/2020 6:16:21 PM","0.00","0.00","0.00"
"9/03/2020 6:11:19 PM","1.00","0.00","0.00"
"9/03/2020 6:00:06 PM","0.00","0.00","0.00"
"9/03/2020 6:00:01 PM","0.00","0.00","1.00"
"9/03/2020 5:31:46 PM","0.00","1.00","1.00"
"9/03/2020 5:26:32 PM","1.00","1.00","1.00"
"9/03/2020 4:07:02 PM","0.00","1.00","1.00"
"9/03/2020 1:25:40 PM","1.00","1.00","1.00"
"9/03/2020 1:20:45 PM","0.00","1.00","1.00"
"9/03/2020 12:40:00 PM","1.00","1.00","1.00"
"9/03/2020 12:39:44 PM","0.00","1.00","1.00"
"9/03/2020 12:31:46 PM","1.00","1.00","1.00"
"9/03/2020 12:29:00 PM","0.00","1.00","1.00"
"9/03/2020 12:18:55 PM","1.00","1.00","1.00"
"9/03/2020 12:16:07 PM","0.00","1.00","1.00"
"9/03/2020 12:07:25 PM","1.00","1.00","1.00"
"9/03/2020 12:01:06 PM","0.00","1.00","1.00"
"9/03/2020 8:38:10 AM","1.00","1.00","1.00"
"9/03/2020 8:37:48 AM","0.00","1.00","1.00"
"9/03/2020 8:30:20 AM","1.00","1.00","1.00"
"9/03/2020 8:25:04 AM","0.00","1.00","1.00"
"9/03/2020 8:16:11 AM","1.00","1.00","1.00"
"9/03/2020 8:14:45 AM","0.00","1.00","1.00"
"9/03/2020 7:52:37 AM","1.00","1.00","1.00"
"9/03/2020 6:14:49 AM","0.00","1.00","1.00"
"9/03/2020 6:04:55 AM","1.00","1.00","1.00"
"9/03/2020 6:01:30 AM","0.00","1.00","1.00"
"9/03/2020 6:00:11 AM","0.00","1.00","0.00"
"7/03/2020 2:22:16 PM","0.00","0.00","0.00"
"7/03/2020 2:17:14 PM","1.00","0.00","0.00"
"7/03/2020 12:38:02 PM","0.00","0.00","0.00"
"7/03/2020 12:38:01 PM","0.00","0.00","1.00"
"7/03/2020 12:06:50 PM","0.00","1.00","1.00"
"7/03/2020 12:03:14 PM","1.00","1.00","1.00"
"7/03/2020 12:02:11 PM","1.00","1.00","0.00"
"7/03/2020 11:56:04 AM","1.00","0.00","0.00"
"7/03/2020 11:27:57 AM","0.00","0.00","0.00"
"7/03/2020 11:27:51 AM","0.00","0.00","1.00"
"7/03/2020 10:56:42 AM","0.00","1.00","1.00"
"7/03/2020 10:41:21 AM","1.00","1.00","1.00"
"7/03/2020 10:28:15 AM","0.00","1.00","1.00"
"7/03/2020 10:26:55 AM","1.00","1.00","1.00"
"7/03/2020 10:26:01 AM","1.00","1.00","0.00"
"7/03/2020 10:19:52 AM","1.00","0.00","0.00"
"6/03/2020 6:00:13 PM","0.00","0.00","0.00"
"6/03/2020 6:00:11 PM","0.00","0.00","1.00"
"6/03/2020 3:52:08 PM","0.00","1.00","1.00"
"6/03/2020 3:40:43 PM","1.00","1.00","1.00"
"6/03/2020 3:32:29 PM","0.00","1.00","1.00"
"6/03/2020 3:26:49 PM","1.00","1.00","1.00"
"6/03/2020 3:16:33 PM","0.00","1.00","1.00"
"6/03/2020 3:10:31 PM","1.00","1.00","1.00"
"6/03/2020 3:07:21 PM","0.00","1.00","1.00"
"6/03/2020 2:57:51 PM","1.00","1.00","1.00"
"6/03/2020 2:42:31 PM","0.00","1.00","1.00"
"6/03/2020 2:36:07 PM","1.00","1.00","1.00"
"6/03/2020 2:06:48 PM","0.00","1.00","1.00"
"6/03/2020 2:00:52 PM","1.00","1.00","1.00"
"6/03/2020 1:17:08 PM","0.00","1.00","1.00"
"6/03/2020 1:08:59 PM","1.00","1.00","1.00"
"6/03/2020 12:57:29 PM","0.00","1.00","1.00"
"6/03/2020 12:29:01 PM","1.00","1.00","1.00"
"6/03/2020 6:41:27 AM","0.00","1.00","1.00"
"6/03/2020 6:34:30 AM","1.00","1.00","1.00"
"6/03/2020 6:32:32 AM","0.00","1.00","1.00"
"6/03/2020 6:19:20 AM","1.00","1.00","1.00"
"6/03/2020 6:00:28 AM","0.00","1.00","1.00"
"6/03/2020 6:00:11 AM","0.00","1.00","0.00"
"5/03/2020 6:00:13 PM","0.00","0.00","0.00"
"5/03/2020 6:00:11 PM","0.00","0.00","1.00"
"5/03/2020 11:36:39 AM","0.00","1.00","1.00"
"5/03/2020 11:31:24 AM","1.00","1.00","1.00"
"5/03/2020 11:08:26 AM","0.00","1.00","1.00"
"5/03/2020 10:25:16 AM","1.00","1.00","1.00"
"5/03/2020 7:04:48 AM","0.00","1.00","1.00"
"5/03/2020 6:58:38 AM","1.00","1.00","1.00"
"5/03/2020 6:30:26 AM","0.00","1.00","1.00"
"5/03/2020 6:15:48 AM","1.00","1.00","1.00"
"5/03/2020 6:00:30 AM","0.00","1.00","1.00"
"5/03/2020 6:00:11 AM","0.00","1.00","0.00"
"4/03/2020 6:55:44 PM","0.00","0.00","0.00"
"4/03/2020 6:55:41 PM","0.00","0.00","1.00"
"4/03/2020 6:24:26 PM","0.00","1.00","1.00"
"4/03/2020 6:06:37 PM","1.00","1.00","1.00"
"4/03/2020 6:06:01 PM","1.00","1.00","0.00"
"4/03/2020 6:00:18 PM","1.00","0.00","0.00"
"4/03/2020 6:00:11 PM","1.00","0.00","1.00"
"4/03/2020 5:08:35 PM","1.00","1.00","1.00"
"4/03/2020 5:05:43 PM","0.00","1.00","1.00"
"4/03/2020 4:53:42 PM","1.00","1.00","1.00"
"4/03/2020 4:49:09 PM","0.00","1.00","1.00"
"4/03/2020 3:28:34 PM","1.00","1.00","1.00"
"4/03/2020 3:24:13 PM","0.00","1.00","1.00"
"4/03/2020 3:18:30 PM","1.00","1.00","1.00"
"4/03/2020 12:39:01 PM","0.00","1.00","1.00"
"4/03/2020 12:30:27 PM","1.00","1.00","1.00"
"4/03/2020 12:27:16 PM","0.00","1.00","1.00"
"4/03/2020 12:16:08 PM","1.00","1.00","1.00"
"4/03/2020 12:12:52 PM","0.00","1.00","1.00"
"4/03/2020 11:55:29 AM","1.00","1.00","1.00"
"4/03/2020 11:11:10 AM","0.00","1.00","1.00"
"4/03/2020 9:53:16 AM","1.00","1.00","1.00"
"4/03/2020 9:51:46 AM","0.00","1.00","1.00"
"4/03/2020 9:37:44 AM","1.00","1.00","1.00"
"4/03/2020 9:34:23 AM","0.00","1.00","1.00"
"4/03/2020 9:29:16 AM","1.00","1.00","1.00"
"4/03/2020 9:28:01 AM","0.00","1.00","1.00"
"4/03/2020 9:22:55 AM","1.00","1.00","1.00"
"4/03/2020 9:19:32 AM","0.00","1.00","1.00"
"4/03/2020 9:11:27 AM","1.00","1.00","1.00"
"4/03/2020 8:56:45 AM","0.00","1.00","1.00"
"4/03/2020 8:51:37 AM","1.00","1.00","1.00"
"4/03/2020 8:51:13 AM","0.00","1.00","1.00"
"4/03/2020 8:36:45 AM","1.00","1.00","1.00"
"4/03/2020 8:36:36 AM","0.00","1.00","1.00"
"4/03/2020 8:31:24 AM","1.00","1.00","1.00"
"4/03/2020 6:26:59 AM","0.00","1.00","1.00"
"4/03/2020 6:15:38 AM","1.00","1.00","1.00"
"4/03/2020 6:00:31 AM","0.00","1.00","1.00"
"4/03/2020 6:00:11 AM","0.00","1.00","0.00"
"3/03/2020 7:04:00 PM","0.00","0.00","0.00"
"3/03/2020 7:03:51 PM","0.00","0.00","1.00"
"3/03/2020 6:32:46 PM","0.00","1.00","1.00"
"3/03/2020 6:06:43 PM","1.00","1.00","1.00"
"3/03/2020 6:06:01 PM","1.00","1.00","0.00"
"3/03/2020 6:00:13 PM","1.00","0.00","0.00"
"3/03/2020 6:00:11 PM","1.00","0.00","1.00"
"3/03/2020 5:41:48 PM","1.00","1.00","1.00"
"3/03/2020 5:31:00 PM","0.00","1.00","1.00"
"3/03/2020 5:23:18 PM","1.00","1.00","1.00"
"3/03/2020 5:23:00 PM","0.00","1.00","1.00"
"3/03/2020 5:07:34 PM","1.00","1.00","1.00"
"3/03/2020 5:06:29 PM","0.00","1.00","1.00"
"3/03/2020 4:55:41 PM","1.00","1.00","1.00"
"3/03/2020 4:50:46 PM","0.00","1.00","1.00"
"3/03/2020 3:00:36 PM","1.00","1.00","1.00"
"3/03/2020 2:55:03 PM","0.00","1.00","1.00"
"3/03/2020 2:35:18 PM","1.00","1.00","1.00"
"3/03/2020 2:01:31 PM","0.00","1.00","1.00"
"3/03/2020 1:55:33 PM","1.00","1.00","1.00"
"3/03/2020 1:54:03 PM","0.00","1.00","1.00"
"3/03/2020 1:45:10 PM","1.00","1.00","1.00"
"3/03/2020 1:35:55 PM","0.00","1.00","1.00"
"3/03/2020 1:28:52 PM","1.00","1.00","1.00"
"3/03/2020 12:26:18 PM","0.00","1.00","1.00"
"3/03/2020 10:41:31 AM","1.00","1.00","1.00"
"3/03/2020 10:02:48 AM","0.00","1.00","1.00"
"3/03/2020 9:45:48 AM","1.00","1.00","1.00"
"3/03/2020 9:45:47 AM","1.00","1.00","0.00"
"3/03/2020 9:45:33 AM","1.00","1.00","1.00"
"3/03/2020 9:40:41 AM","1.00","1.00","0.00"
"3/03/2020 6:20:02 AM","0.00","1.00","0.00"
"3/03/2020 6:08:29 AM","1.00","1.00","0.00"
"3/03/2020 6:00:11 AM","0.00","1.00","0.00"
"2/03/2020 6:00:01 PM","0.00","0.00","0.00"
"2/03/2020 4:48:17 PM","0.00","1.00","0.00"
"2/03/2020 4:42:14 PM","1.00","1.00","0.00"
"2/03/2020 4:27:31 PM","0.00","1.00","0.00"
"2/03/2020 4:08:30 PM","1.00","1.00","0.00"
"2/03/2020 4:02:47 PM","0.00","1.00","0.00"
"2/03/2020 3:57:39 PM","1.00","1.00","0.00"
"2/03/2020 3:57:24 PM","0.00","1.00","0.00"
"2/03/2020 3:39:44 PM","1.00","1.00","0.00"
"2/03/2020 6:17:21 AM","0.00","1.00","0.00"
"2/03/2020 6:09:26 AM","1.00","1.00","0.00"
"2/03/2020 6:00:11 AM","0.00","1.00","0.00"
"2/03/2020 4:37:51 AM","0.00","0.00","0.00"
"2/03/2020 4:07:31 AM","0.00","1.00","0.00"
"2/03/2020 4:06:37 AM","0.00","0.00","0.00"
"2/03/2020 4:01:29 AM","1.00","0.00","0.00"
"2/03/2020 3:59:09 AM","0.00","0.00","0.00"
"2/03/2020 3:59:08 AM","1.00","0.00","0.00"
"2/03/2020 3:59:03 AM","1.00","0.00","0.00"
"2/03/2020 3:04:31 AM","1.00","0.00","0.00"
"2/03/2020 12:56:35 AM","0.00","0.00","0.00"
"2/03/2020 12:56:30 AM","1.00","0.00","1.00"
"1/03/2020 11:12:14 PM","1.00","0.00","1.00"
"28/02/2020 6:00:17 PM","0.00","0.00","0.00"
"28/02/2020 6:00:14 PM","0.00","0.00","1.00"
"28/02/2020 5:40:46 PM","0.00","1.00","1.00"
"28/02/2020 11:01:26 AM","1.00","1.00","1.00"
"28/02/2020 7:59:48 AM","0.00","1.00","1.00"
"28/02/2020 7:59:35 AM","0.00","1.00","0.00"
"28/02/2020 6:27:11 AM","0.00","1.00","1.00"
"28/02/2020 6:15:30 AM","1.00","1.00","1.00"
"28/02/2020 5:29:03 AM","0.00","1.00","1.00"
"28/02/2020 5:23:31 AM","1.00","1.00","1.00"
"28/02/2020 5:18:03 AM","0.00","1.00","1.00"
"28/02/2020 5:14:00 AM","1.00","1.00","1.00"
"28/02/2020 5:12:04 AM","1.00","1.00","0.00"
"28/02/2020 5:06:01 AM","1.00","0.00","0.00"
"27/02/2020 11:55:49 PM","0.00","0.00","0.00"
"27/02/2020 11:55:45 PM","1.00","0.00","1.00"
"27/02/2020 11:53:56 PM","1.00","0.00","1.00"
"27/02/2020 9:35:48 PM","0.00","0.00","0.00"
"27/02/2020 9:04:42 PM","0.00","1.00","1.00"
"27/02/2020 6:49:52 PM","1.00","1.00","1.00"
"27/02/2020 6:45:08 PM","1.00","1.00","0.00"
"27/02/2020 6:39:07 PM","1.00","0.00","0.00"
"27/02/2020 6:00:11 PM","0.00","0.00","0.00"
"27/02/2020 6:00:08 PM","0.00","0.00","1.00"
"27/02/2020 4:47:28 PM","0.00","1.00","1.00"
"27/02/2020 4:39:00 PM","1.00","1.00","1.00"
"27/02/2020 4:16:15 PM","0.00","1.00","1.00"
"27/02/2020 10:23:42 AM","1.00","1.00","1.00"
"27/02/2020 10:22:58 AM","0.00","1.00","1.00"
"27/02/2020 8:54:57 AM","1.00","1.00","1.00"
"27/02/2020 6:15:42 AM","0.00","1.00","1.00"
"27/02/2020 6:05:52 AM","1.00","1.00","1.00"
"27/02/2020 6:03:37 AM","0.00","1.00","1.00"
"27/02/2020 6:00:08 AM","0.00","1.00","0.00"
"26/02/2020 6:22:05 PM","0.00","0.00","0.00"
"26/02/2020 6:17:03 PM","1.00","0.00","0.00"
"26/02/2020 6:00:11 PM","0.00","0.00","0.00"
"26/02/2020 6:00:08 PM","0.00","0.00","1.00"
"26/02/2020 5:46:53 PM","0.00","1.00","1.00"
"26/02/2020 2:26:39 PM","1.00","1.00","1.00"
"26/02/2020 12:38:20 PM","1.00","1.00","0.00"
"26/02/2020 11:48:43 AM","0.00","1.00","0.00"
"26/02/2020 11:43:36 AM","1.00","1.00","0.00"
"26/02/2020 9:33:25 AM","0.00","1.00","0.00"
"26/02/2020 9:16:26 AM","1.00","1.00","0.00"
"26/02/2020 8:00:25 AM","0.00","1.00","0.00"
"26/02/2020 7:08:08 AM","0.00","1.00","1.00"
"26/02/2020 6:01:27 AM","0.00","1.00","0.00"
"26/02/2020 5:59:48 AM","1.00","1.00","0.00"
"26/02/2020 5:53:42 AM","1.00","0.00","0.00"
"25/02/2020 6:00:13 PM","0.00","0.00","0.00"
"25/02/2020 6:00:08 PM","0.00","0.00","1.00"
"25/02/2020 5:42:05 PM","0.00","1.00","1.00"
"25/02/2020 4:45:41 PM","0.00","1.00","0.00"
"25/02/2020 3:32:24 PM","0.00","1.00","1.00"
"25/02/2020 2:05:49 PM","1.00","1.00","1.00"
"25/02/2020 11:54:06 AM","0.00","1.00","1.00"
"25/02/2020 11:49:03 AM","1.00","1.00","1.00"
"25/02/2020 6:36:31 AM","0.00","1.00","1.00"
"25/02/2020 6:17:11 AM","1.00","1.00","1.00"
"25/02/2020 6:04:42 AM","0.00","1.00","1.00"
"25/02/2020 6:00:08 AM","0.00","1.00","0.00"
"24/02/2020 6:00:13 PM","0.00","0.00","0.00"
"24/02/2020 6:00:08 PM","0.00","0.00","1.00"
"24/02/2020 5:20:04 PM","0.00","1.00","1.00"
"24/02/2020 4:57:59 PM","1.00","1.00","1.00"
"24/02/2020 4:47:51 PM","0.00","1.00","1.00"
"24/02/2020 4:23:46 PM","1.00","1.00","1.00"
"24/02/2020 4:08:41 PM","1.00","1.00","0.00"
"24/02/2020 3:26:22 PM","1.00","1.00","1.00"
"24/02/2020 2:59:05 PM","0.00","1.00","1.00"
"24/02/2020 1:20:54 PM","1.00","1.00","1.00"
"24/02/2020 6:31:42 AM","0.00","1.00","1.00"
"24/02/2020 5:59:08 AM","0.00","1.00","0.00"
"24/02/2020 5:56:28 AM","1.00","1.00","0.00"
"24/02/2020 5:50:16 AM","1.00","0.00","0.00"
"22/02/2020 11:02:18 AM","0.00","0.00","0.00"
"22/02/2020 10:31:12 AM","0.00","1.00","0.00"
"22/02/2020 10:23:28 AM","1.00","1.00","0.00"
"22/02/2020 10:17:22 AM","1.00","0.00","0.00"
"21/02/2020 6:00:12 PM","0.00","0.00","0.00"
"21/02/2020 6:00:08 PM","0.00","0.00","1.00"
"21/02/2020 5:47:04 PM","0.00","1.00","1.00"
"21/02/2020 4:55:48 PM","0.00","1.00","0.00"
"21/02/2020 4:53:31 PM","0.00","1.00","1.00"
"21/02/2020 3:25:21 PM","1.00","1.00","1.00"
"21/02/2020 3:14:19 PM","0.00","1.00","1.00"
"21/02/2020 2:17:24 PM","1.00","1.00","1.00"
"21/02/2020 11:53:09 AM","0.00","1.00","1.00"
"21/02/2020 11:12:00 AM","1.00","1.00","1.00"
"21/02/2020 6:05:13 AM","0.00","1.00","1.00"
"21/02/2020 6:02:31 AM","1.00","1.00","1.00"
"21/02/2020 6:00:08 AM","1.00","1.00","0.00"
"21/02/2020 5:56:52 AM","1.00","0.00","0.00"
"20/02/2020 6:00:08 PM","0.00","0.00","0.00"
"20/02/2020 8:21:33 AM","0.00","1.00","1.00"
"20/02/2020 6:47:39 AM","0.00","1.00","0.00"
"20/02/2020 6:29:20 AM","0.00","1.00","1.00"
"20/02/2020 6:05:47 AM","1.00","1.00","1.00"
"20/02/2020 6:03:06 AM","0.00","1.00","1.00"
"20/02/2020 6:00:08 AM","0.00","1.00","0.00"
"19/02/2020 7:08:34 PM","0.00","0.00","0.00"
"19/02/2020 7:08:28 PM","0.00","0.00","1.00"
"19/02/2020 6:52:17 PM","0.00","1.00","1.00"
"19/02/2020 6:51:27 PM","0.00","1.00","0.00"
"19/02/2020 6:46:38 PM","0.00","1.00","1.00"
"19/02/2020 6:37:21 PM","0.00","1.00","0.00"
"19/02/2020 6:06:08 PM","1.00","1.00","0.00"
"19/02/2020 6:00:09 PM","1.00","0.00","0.00"
"19/02/2020 6:00:08 PM","1.00","0.00","1.00"
"19/02/2020 5:24:51 PM","1.00","1.00","1.00"
"19/02/2020 5:10:29 PM","0.00","1.00","1.00"
"19/02/2020 3:55:24 PM","1.00","1.00","1.00"
"19/02/2020 3:27:43 PM","0.00","1.00","1.00"
"19/02/2020 12:10:34 PM","1.00","1.00","1.00"
"19/02/2020 10:03:17 AM","1.00","1.00","0.00"
"19/02/2020 9:40:02 AM","0.00","1.00","0.00"
"19/02/2020 9:34:41 AM","1.00","1.00","0.00"
"19/02/2020 9:17:38 AM","0.00","1.00","0.00"
"19/02/2020 8:57:38 AM","1.00","1.00","0.00"
"19/02/2020 8:48:22 AM","0.00","1.00","0.00"
"19/02/2020 8:42:35 AM","1.00","1.00","0.00"
"19/02/2020 8:10:41 AM","0.00","1.00","0.00"
"19/02/2020 8:04:24 AM","1.00","1.00","0.00"
"19/02/2020 6:24:46 AM","0.00","1.00","0.00"
"19/02/2020 6:10:10 AM","1.00","1.00","0.00"
"19/02/2020 6:00:08 AM","0.00","1.00","0.00"
"18/02/2020 6:00:08 PM","0.00","0.00","0.00"
"18/02/2020 5:34:18 PM","0.00","1.00","0.00"
"18/02/2020 4:43:21 PM","1.00","1.00","0.00"
"18/02/2020 3:42:12 PM","0.00","1.00","0.00"
"18/02/2020 1:26:00 PM","1.00","1.00","0.00"
"18/02/2020 1:20:30 PM","0.00","1.00","0.00"
"18/02/2020 1:11:01 PM","1.00","1.00","0.00"
"18/02/2020 1:04:13 PM","0.00","1.00","0.00"
"18/02/2020 12:55:26 PM","1.00","1.00","0.00"
"18/02/2020 12:10:20 PM","0.00","1.00","0.00"
"18/02/2020 11:15:13 AM","1.00","1.00","0.00"
"18/02/2020 10:45:58 AM","1.00","1.00","1.00"
"18/02/2020 10:45:22 AM","1.00","1.00","0.00"
"18/02/2020 9:55:31 AM","1.00","1.00","1.00"
"18/02/2020 9:25:53 AM","1.00","1.00","0.00"
"18/02/2020 8:49:24 AM","0.00","1.00","0.00"
"18/02/2020 8:41:45 AM","1.00","1.00","0.00"
"18/02/2020 8:17:17 AM","0.00","1.00","0.00"
"18/02/2020 8:11:21 AM","1.00","1.00","0.00"
"18/02/2020 6:01:48 AM","0.00","1.00","0.00"
"18/02/2020 5:52:28 AM","1.00","1.00","0.00"
"18/02/2020 5:46:23 AM","1.00","0.00","0.00"
"17/02/2020 7:27:08 PM","0.00","0.00","0.00"
"17/02/2020 6:56:00 PM","0.00","1.00","0.00"
"17/02/2020 6:44:12 PM","1.00","1.00","0.00"
"17/02/2020 6:35:58 PM","0.00","1.00","0.00"
"17/02/2020 6:29:00 PM","1.00","1.00","0.00"
"17/02/2020 6:18:08 PM","0.00","1.00","0.00"
"17/02/2020 6:17:08 PM","0.00","0.00","0.00"
"17/02/2020 6:12:06 PM","1.00","0.00","0.00"
"17/02/2020 6:00:11 PM","0.00","0.00","0.00"
"17/02/2020 6:00:08 PM","0.00","0.00","1.00"
"17/02/2020 4:11:57 PM","0.00","1.00","1.00"
"17/02/2020 4:04:23 PM","1.00","1.00","1.00"
"17/02/2020 4:04:22 PM","1.00","1.00","0.00"
"17/02/2020 3:54:43 PM","1.00","1.00","1.00"
"17/02/2020 3:38:18 PM","0.00","1.00","1.00"
"17/02/2020 3:33:14 PM","1.00","1.00","1.00"
"17/02/2020 3:32:28 PM","0.00","1.00","1.00"
"17/02/2020 1:34:34 PM","1.00","1.00","1.00"
"17/02/2020 1:28:59 PM","0.00","1.00","1.00"
"17/02/2020 1:16:08 PM","1.00","1.00","1.00"
"17/02/2020 1:13:53 PM","0.00","1.00","1.00"
"17/02/2020 1:06:49 PM","1.00","1.00","1.00"
"17/02/2020 12:53:11 PM","0.00","1.00","1.00"
"17/02/2020 12:51:30 PM","0.00","1.00","0.00"
"17/02/2020 11:32:44 AM","1.00","1.00","0.00"
"17/02/2020 8:43:29 AM","0.00","1.00","0.00"
"17/02/2020 8:37:09 AM","1.00","1.00","0.00"
"17/02/2020 8:11:28 AM","0.00","1.00","0.00"
"17/02/2020 8:05:19 AM","1.00","1.00","0.00"
"17/02/2020 8:00:54 AM","0.00","1.00","0.00"
"17/02/2020 7:52:51 AM","1.00","1.00","0.00"
"17/02/2020 6:13:39 AM","0.00","1.00","0.00"
"17/02/2020 6:04:18 AM","1.00","1.00","0.00"
"17/02/2020 6:00:08 AM","0.00","1.00","0.00"
"15/02/2020 11:35:58 AM","0.00","0.00","0.00"
"15/02/2020 11:05:48 AM","0.00","1.00","0.00"
"15/02/2020 11:04:49 AM","0.00","0.00","0.00"
"15/02/2020 10:59:40 AM","1.00","0.00","0.00"
"15/02/2020 10:43:08 AM","0.00","0.00","0.00"
"15/02/2020 10:12:58 AM","0.00","1.00","0.00"
"15/02/2020 10:11:59 AM","0.00","0.00","0.00"
"15/02/2020 10:06:56 AM","1.00","0.00","0.00"
"14/02/2020 6:52:38 PM","0.00","0.00","0.00"
"14/02/2020 6:21:36 PM","0.00","1.00","0.00"
"14/02/2020 6:06:08 PM","1.00","1.00","0.00"
"14/02/2020 6:00:08 PM","1.00","0.00","0.00"
"14/02/2020 4:25:42 PM","1.00","1.00","0.00"
"14/02/2020 4:16:47 PM","0.00","1.00","0.00"
"14/02/2020 3:56:56 PM","1.00","1.00","0.00"
"14/02/2020 3:10:56 PM","0.00","1.00","0.00"
"14/02/2020 3:05:46 PM","1.00","1.00","0.00"
"14/02/2020 2:45:01 PM","0.00","1.00","0.00"
"14/02/2020 2:39:45 PM","1.00","1.00","0.00"
"14/02/2020 2:26:28 PM","0.00","1.00","0.00"
"14/02/2020 2:20:22 PM","1.00","1.00","0.00"
"14/02/2020 2:16:12 PM","0.00","1.00","0.00"
"14/02/2020 2:06:40 PM","1.00","1.00","0.00"
"14/02/2020 1:59:16 PM","0.00","1.00","0.00"
"14/02/2020 1:54:05 PM","1.00","1.00","0.00"
"14/02/2020 1:42:54 PM","0.00","1.00","0.00"
"14/02/2020 1:37:35 PM","1.00","1.00","0.00"
"14/02/2020 1:31:04 PM","0.00","1.00","0.00"
"14/02/2020 1:08:38 PM","1.00","1.00","0.00"
"14/02/2020 12:58:38 PM","0.00","1.00","0.00"
"14/02/2020 12:45:53 PM","1.00","1.00","0.00"
"14/02/2020 12:42:59 PM","0.00","1.00","0.00"
"14/02/2020 12:37:56 PM","1.00","1.00","0.00"
"14/02/2020 12:37:47 PM","0.00","1.00","0.00"
"14/02/2020 12:17:03 PM","1.00","1.00","0.00"
"14/02/2020 12:11:41 PM","0.00","1.00","0.00"
"14/02/2020 12:02:44 PM","1.00","1.00","0.00"
"14/02/2020 11:53:47 AM","0.00","1.00","0.00"
"14/02/2020 11:40:53 AM","1.00","1.00","0.00"
"14/02/2020 11:30:30 AM","0.00","1.00","0.00"
"14/02/2020 11:25:19 AM","1.00","1.00","0.00"
"14/02/2020 10:43:25 AM","0.00","1.00","0.00"
"14/02/2020 9:49:33 AM","1.00","1.00","0.00"
"14/02/2020 9:41:26 AM","0.00","1.00","0.00"
"14/02/2020 8:51:31 AM","1.00","1.00","0.00"
"14/02/2020 5:54:15 AM","0.00","1.00","0.00"
"14/02/2020 5:48:18 AM","1.00","1.00","0.00"
"14/02/2020 5:42:11 AM","1.00","0.00","0.00"
"13/02/2020 9:58:48 PM","0.00","0.00","0.00"
"13/02/2020 9:27:44 PM","0.00","1.00","0.00"
"13/02/2020 7:58:02 PM","1.00","1.00","0.00"
"13/02/2020 7:31:18 PM","1.00","1.00","1.00"
"13/02/2020 7:30:28 PM","1.00","1.00","0.00"
"13/02/2020 7:24:19 PM","1.00","0.00","0.00"
"13/02/2020 6:00:12 PM","0.00","0.00","0.00"
"13/02/2020 6:00:08 PM","0.00","0.00","1.00"
"13/02/2020 4:36:02 PM","0.00","1.00","1.00"
"13/02/2020 4:25:22 PM","1.00","1.00","1.00"
"13/02/2020 3:29:48 PM","0.00","1.00","1.00"
"13/02/2020 3:10:45 PM","1.00","1.00","1.00"
"13/02/2020 12:54:02 PM","0.00","1.00","1.00"
"13/02/2020 11:44:48 AM","1.00","1.00","1.00"
"13/02/2020 7:52:30 AM","0.00","1.00","1.00"
"13/02/2020 7:45:59 AM","1.00","1.00","1.00"
"13/02/2020 7:39:17 AM","0.00","1.00","1.00"
"13/02/2020 7:31:36 AM","1.00","1.00","1.00"
"13/02/2020 6:26:02 AM","0.00","1.00","1.00"
"13/02/2020 6:08:50 AM","1.00","1.00","1.00"
"13/02/2020 6:00:49 AM","0.00","1.00","1.00"
"13/02/2020 6:00:08 AM","0.00","1.00","0.00"
"12/02/2020 6:01:54 PM","0.00","0.00","0.00"
"12/02/2020 6:00:09 PM","1.00","0.00","0.00"
"12/02/2020 6:00:08 PM","1.00","0.00","1.00"
"12/02/2020 2:43:40 PM","1.00","1.00","1.00"
"12/02/2020 2:27:42 PM","0.00","1.00","1.00"
"12/02/2020 12:45:25 PM","1.00","1.00","1.00"
"12/02/2020 12:38:29 PM","0.00","1.00","1.00"
"12/02/2020 9:41:56 AM","1.00","1.00","1.00"
"12/02/2020 9:39:43 AM","0.00","1.00","1.00"
"12/02/2020 8:56:59 AM","1.00","1.00","1.00"
"12/02/2020 6:23:09 AM","0.00","1.00","1.00"
"12/02/2020 6:10:20 AM","1.00","1.00","1.00"
"12/02/2020 6:00:29 AM","0.00","1.00","1.00"
"12/02/2020 6:00:08 AM","0.00","1.00","0.00"
"11/02/2020 6:46:12 PM","0.00","0.00","0.00"
"11/02/2020 6:46:08 PM","0.00","0.00","1.00"
"11/02/2020 6:17:26 PM","0.00","1.00","1.00"
"11/02/2020 6:15:58 PM","0.00","1.00","0.00"
"11/02/2020 6:14:54 PM","0.00","0.00","0.00"
"11/02/2020 6:09:51 PM","1.00","0.00","0.00"
"11/02/2020 6:00:14 PM","0.00","0.00","0.00"
"11/02/2020 6:00:08 PM","0.00","0.00","1.00"
"11/02/2020 4:36:27 PM","0.00","1.00","1.00"
"11/02/2020 3:14:17 PM","1.00","1.00","1.00"
"11/02/2020 3:09:14 PM","0.00","1.00","1.00"
"11/02/2020 2:58:12 PM","1.00","1.00","1.00"
"11/02/2020 1:52:13 PM","0.00","1.00","1.00"
"11/02/2020 1:46:05 PM","1.00","1.00","1.00"
"11/02/2020 12:16:17 PM","0.00","1.00","1.00"
"11/02/2020 10:17:59 AM","1.00","1.00","1.00"
"11/02/2020 10:16:21 AM","0.00","1.00","1.00"
"11/02/2020 10:10:48 AM","1.00","1.00","1.00"
"11/02/2020 10:09:52 AM","0.00","1.00","1.00"
"11/02/2020 9:58:04 AM","1.00","1.00","1.00"
"11/02/2020 9:39:38 AM","0.00","1.00","1.00"
"11/02/2020 9:28:56 AM","1.00","1.00","1.00"
"11/02/2020 6:15:55 AM","0.00","1.00","1.00"
"11/02/2020 6:01:21 AM","1.00","1.00","1.00"
"11/02/2020 6:00:08 AM","1.00","1.00","0.00"
"11/02/2020 5:59:38 AM","1.00","0.00","0.00"
"10/02/2020 6:00:11 PM","0.00","0.00","0.00"
"10/02/2020 6:00:08 PM","0.00","0.00","1.00"
"10/02/2020 5:52:40 PM","0.00","1.00","1.00"
"10/02/2020 5:40:00 PM","1.00","1.00","1.00"
"10/02/2020 5:29:51 PM","0.00","1.00","1.00"
"10/02/2020 5:24:47 PM","1.00","1.00","1.00"
"10/02/2020 5:05:22 PM","0.00","1.00","1.00"
"10/02/2020 4:52:47 PM","1.00","1.00","1.00"
"10/02/2020 4:50:35 PM","0.00","1.00","1.00"
"10/02/2020 3:34:01 PM","1.00","1.00","1.00"
"10/02/2020 2:24:47 PM","0.00","1.00","1.00"
"10/02/2020 11:37:43 AM","1.00","1.00","1.00"
"10/02/2020 9:42:42 AM","0.00","1.00","1.00"
"10/02/2020 9:25:58 AM","1.00","1.00","1.00"
"10/02/2020 6:35:05 AM","0.00","1.00","1.00"
"10/02/2020 6:23:24 AM","1.00","1.00","1.00"
"10/02/2020 6:02:59 AM","0.00","1.00","1.00"
"10/02/2020 6:00:08 AM","0.00","1.00","0.00"
"7/02/2020 6:00:09 PM","0.00","0.00","0.00"
"7/02/2020 6:00:08 PM","0.00","0.00","1.00"
"7/02/2020 5:53:32 PM","0.00","1.00","1.00"
"7/02/2020 3:36:20 PM","1.00","1.00","1.00"
"7/02/2020 1:37:27 PM","0.00","1.00","1.00"
"7/02/2020 1:31:56 PM","1.00","1.00","1.00"
"7/02/2020 10:25:46 AM","0.00","1.00","1.00"
"7/02/2020 10:19:25 AM","1.00","1.00","1.00"
"7/02/2020 5:45:55 AM","0.00","1.00","1.00"
"7/02/2020 5:43:56 AM","1.00","1.00","1.00"
"7/02/2020 5:43:08 AM","1.00","1.00","0.00"
"7/02/2020 5:37:06 AM","1.00","0.00","0.00"
"6/02/2020 6:00:12 PM","0.00","0.00","0.00"
"6/02/2020 6:00:08 PM","0.00","0.00","1.00"
"6/02/2020 5:48:49 PM","0.00","1.00","1.00"
"6/02/2020 5:40:06 PM","1.00","1.00","1.00"
"6/02/2020 5:15:12 PM","0.00","1.00","1.00"
"6/02/2020 4:16:26 PM","1.00","1.00","1.00"
"6/02/2020 3:54:02 PM","0.00","1.00","1.00"
"6/02/2020 1:32:13 PM","1.00","1.00","1.00"
"6/02/2020 6:09:06 AM","0.00","1.00","1.00"
"6/02/2020 6:00:50 AM","1.00","1.00","1.00"
"6/02/2020 6:00:08 AM","1.00","1.00","0.00"
"6/02/2020 5:55:16 AM","1.00","0.00","0.00"
"5/02/2020 6:00:15 PM","0.00","0.00","0.00"
"5/02/2020 6:00:08 PM","0.00","0.00","1.00"
"5/02/2020 5:06:04 PM","0.00","1.00","1.00"
"5/02/2020 1:59:07 PM","1.00","1.00","1.00"
"5/02/2020 5:56:22 AM","0.00","1.00","1.00"
"5/02/2020 5:52:25 AM","1.00","1.00","1.00"
"5/02/2020 5:51:48 AM","1.00","1.00","0.00"
"5/02/2020 5:45:43 AM","1.00","0.00","0.00"
"4/02/2020 6:00:09 PM","0.00","0.00","0.00"
"4/02/2020 6:00:08 PM","0.00","0.00","1.00"
"4/02/2020 3:13:36 PM","0.00","1.00","1.00"
"4/02/2020 2:30:45 PM","1.00","1.00","1.00"
"4/02/2020 12:17:44 PM","0.00","1.00","1.00"
"4/02/2020 11:40:11 AM","1.00","1.00","1.00"
"4/02/2020 11:39:41 AM","0.00","1.00","1.00"
"4/02/2020 11:31:53 AM","1.00","1.00","1.00"
"4/02/2020 11:29:34 AM","0.00","1.00","1.00"
"4/02/2020 11:17:52 AM","1.00","1.00","1.00"
"4/02/2020 11:16:53 AM","0.00","1.00","1.00"
"4/02/2020 11:00:25 AM","1.00","1.00","1.00"
"4/02/2020 10:49:29 AM","0.00","1.00","1.00"
"4/02/2020 10:42:08 AM","1.00","1.00","1.00"
"4/02/2020 6:44:01 AM","0.00","1.00","1.00"
"4/02/2020 6:20:06 AM","1.00","1.00","1.00"
"4/02/2020 6:00:59 AM","0.00","1.00","1.00"
"4/02/2020 6:00:08 AM","0.00","1.00","0.00"
"3/02/2020 6:00:08 PM","0.00","0.00","0.00"
"3/02/2020 4:58:32 PM","0.00","1.00","1.00"
"3/02/2020 4:51:57 PM","1.00","1.00","1.00"
"3/02/2020 4:48:33 PM","0.00","1.00","1.00"
"3/02/2020 4:43:03 PM","1.00","1.00","1.00"
"3/02/2020 4:41:57 PM","0.00","1.00","1.00"
"3/02/2020 8:02:10 AM","1.00","1.00","1.00"
"3/02/2020 6:59:12 AM","0.00","1.00","1.00"
"3/02/2020 6:48:50 AM","1.00","1.00","1.00"
"3/02/2020 6:00:48 AM","0.00","1.00","1.00"
"3/02/2020 6:00:08 AM","0.00","1.00","0.00"
"31/01/2020 6:00:09 PM","0.00","0.00","0.00"
"31/01/2020 6:00:08 PM","0.00","0.00","1.00"
"31/01/2020 4:56:31 PM","0.00","1.00","1.00"
"31/01/2020 12:00:36 PM","1.00","1.00","1.00"
"31/01/2020 11:40:25 AM","0.00","1.00","1.00"
"31/01/2020 11:27:04 AM","1.00","1.00","1.00"
"31/01/2020 10:58:31 AM","0.00","1.00","1.00"
"31/01/2020 10:53:27 AM","1.00","1.00","1.00"
"31/01/2020 9:47:10 AM","0.00","1.00","1.00"
"31/01/2020 9:41:28 AM","1.00","1.00","1.00"
"31/01/2020 6:58:49 AM","0.00","1.00","1.00"
"31/01/2020 6:52:05 AM","1.00","1.00","1.00"
"31/01/2020 6:00:41 AM","0.00","1.00","1.00"
"31/01/2020 6:00:08 AM","0.00","1.00","0.00"
"30/01/2020 9:55:52 PM","0.00","0.00","0.00"
"30/01/2020 9:55:48 PM","0.00","0.00","1.00"
"30/01/2020 9:24:47 PM","0.00","1.00","1.00"
"30/01/2020 7:53:35 PM","1.00","1.00","1.00"
"30/01/2020 7:52:38 PM","1.00","1.00","0.00"
"30/01/2020 7:46:35 PM","1.00","0.00","0.00"
"30/01/2020 6:00:09 PM","0.00","0.00","0.00"
"30/01/2020 6:00:08 PM","0.00","0.00","1.00"
"30/01/2020 4:41:11 PM","0.00","1.00","1.00"
"30/01/2020 4:35:59 PM","1.00","1.00","1.00"
"30/01/2020 4:12:17 PM","0.00","1.00","1.00"
"30/01/2020 3:50:06 PM","1.00","1.00","1.00"
"30/01/2020 3:18:31 PM","0.00","1.00","1.00"
"30/01/2020 3:11:20 PM","1.00","1.00","1.00"
"30/01/2020 3:07:12 PM","0.00","1.00","1.00"
"30/01/2020 12:49:00 PM","1.00","1.00","1.00"
"30/01/2020 12:34:37 PM","0.00","1.00","1.00"
"30/01/2020 10:51:20 AM","1.00","1.00","1.00"
"30/01/2020 8:36:45 AM","0.00","1.00","1.00"
"30/01/2020 8:31:42 AM","1.00","1.00","1.00"
"30/01/2020 6:29:43 AM","0.00","1.00","1.00"
"30/01/2020 6:23:24 AM","1.00","1.00","1.00"
"30/01/2020 6:00:37 AM","0.00","1.00","1.00"
"30/01/2020 6:00:08 AM","0.00","1.00","0.00"
"29/01/2020 6:50:43 PM","0.00","0.00","0.00"
"29/01/2020 6:50:38 PM","0.00","0.00","1.00"
"29/01/2020 6:21:18 PM","0.00","1.00","1.00"
"29/01/2020 6:20:38 PM","0.00","1.00","0.00"
"29/01/2020 6:19:29 PM","0.00","0.00","0.00"
"29/01/2020 6:14:26 PM","1.00","0.00","0.00"
"29/01/2020 6:00:13 PM","0.00","0.00","0.00"
"29/01/2020 6:00:08 PM","0.00","0.00","1.00"
"29/01/2020 5:44:29 PM","0.00","1.00","1.00"
"29/01/2020 5:35:54 PM","1.00","1.00","1.00"
"29/01/2020 4:46:16 PM","0.00","1.00","1.00"
"29/01/2020 3:05:15 PM","1.00","1.00","1.00"
"29/01/2020 2:06:18 PM","0.00","1.00","1.00"
"29/01/2020 12:58:50 PM","1.00","1.00","1.00"
"29/01/2020 6:00:36 AM","0.00","1.00","1.00"
"29/01/2020 6:00:08 AM","0.00","1.00","0.00"
"29/01/2020 4:42:49 AM","0.00","0.00","0.00"
"29/01/2020 4:42:48 AM","0.00","0.00","1.00"
"29/01/2020 4:12:33 AM","0.00","1.00","1.00"
"29/01/2020 4:12:08 AM","0.00","1.00","0.00"
"29/01/2020 4:11:42 AM","0.00","0.00","0.00"
"29/01/2020 4:06:00 AM","1.00","0.00","0.00"
"28/01/2020 6:00:08 PM","0.00","0.00","0.00"
"28/01/2020 6:39:35 AM","0.00","1.00","1.00"
"28/01/2020 6:34:32 AM","1.00","1.00","1.00"
"28/01/2020 6:00:51 AM","0.00","1.00","1.00"
"28/01/2020 6:00:08 AM","0.00","1.00","0.00"
"27/01/2020 6:00:08 PM","0.00","0.00","0.00"
"27/01/2020 6:01:47 AM","0.00","1.00","1.00"
"27/01/2020 6:00:08 AM","0.00","1.00","0.00"
"27/01/2020 12:00:12 AM","0.00","0.00","0.00"
"27/01/2020 12:00:08 AM","0.00","0.00","1.00"
"26/01/2020 12:00:37 AM","0.00","1.00","1.00"
"26/01/2020 12:00:08 AM","0.00","1.00","0.00"
"24/01/2020 6:00:10 PM","0.00","0.00","0.00"
"24/01/2020 6:00:08 PM","0.00","0.00","1.00"
"24/01/2020 7:07:10 AM","0.00","1.00","1.00"
"24/01/2020 7:01:44 AM","1.00","1.00","1.00"
"24/01/2020 6:57:12 AM","0.00","1.00","1.00"
"24/01/2020 6:48:30 AM","1.00","1.00","1.00"
"24/01/2020 6:22:20 AM","0.00","1.00","1.00"
"24/01/2020 6:11:27 AM","1.00","1.00","1.00"
"24/01/2020 6:00:35 AM","0.00","1.00","1.00"
"24/01/2020 6:00:08 AM","0.00","1.00","0.00"
"23/01/2020 6:36:12 PM","0.00","0.00","0.00"
"23/01/2020 6:31:09 PM","1.00","0.00","0.00"
"23/01/2020 6:00:55 PM","0.00","0.00","0.00"
"23/01/2020 6:00:09 PM","1.00","0.00","0.00"
"23/01/2020 6:00:08 PM","1.00","0.00","1.00"
"23/01/2020 3:04:26 PM","1.00","1.00","1.00"
"23/01/2020 2:58:13 PM","0.00","1.00","1.00"
"23/01/2020 11:08:41 AM","1.00","1.00","1.00"
"23/01/2020 7:20:09 AM","0.00","1.00","1.00"
"23/01/2020 7:12:34 AM","1.00","1.00","1.00"
"23/01/2020 6:23:24 AM","0.00","1.00","1.00"
"23/01/2020 6:17:46 AM","1.00","1.00","1.00"
"23/01/2020 6:15:16 AM","0.00","1.00","1.00"
"23/01/2020 6:04:36 AM","1.00","1.00","1.00"
"23/01/2020 6:00:41 AM","0.00","1.00","1.00"
"23/01/2020 6:00:08 AM","0.00","1.00","0.00"
"22/01/2020 6:00:11 PM","0.00","0.00","0.00"
"22/01/2020 6:00:08 PM","0.00","0.00","1.00"
"22/01/2020 5:21:01 PM","0.00","1.00","1.00"
"22/01/2020 5:09:18 PM","1.00","1.00","1.00"
"22/01/2020 5:07:08 PM","0.00","1.00","1.00"
"22/01/2020 3:18:49 PM","1.00","1.00","1.00"
"22/01/2020 3:18:38 PM","0.00","1.00","1.00"
"22/01/2020 12:40:38 PM","1.00","1.00","1.00"
"22/01/2020 6:40:27 AM","0.00","1.00","1.00"
"22/01/2020 6:35:24 AM","1.00","1.00","1.00"
"22/01/2020 5:53:08 AM","0.00","1.00","1.00"
"22/01/2020 5:52:47 AM","0.00","1.00","0.00"
"22/01/2020 5:51:18 AM","1.00","1.00","0.00"
"22/01/2020 5:45:13 AM","1.00","0.00","0.00"
"21/01/2020 6:00:08 PM","0.00","0.00","0.00"
"21/01/2020 4:14:19 PM","0.00","1.00","1.00"
"21/01/2020 2:49:48 PM","1.00","1.00","1.00"
"21/01/2020 1:44:46 PM","0.00","1.00","1.00"
"21/01/2020 1:39:28 PM","1.00","1.00","1.00"
"21/01/2020 1:35:34 PM","0.00","1.00","1.00"
"21/01/2020 1:28:08 PM","1.00","1.00","1.00"
"21/01/2020 11:32:39 AM","0.00","1.00","1.00"
"21/01/2020 9:25:10 AM","1.00","1.00","1.00"
"21/01/2020 6:10:50 AM","0.00","1.00","1.00"
"21/01/2020 5:59:05 AM","1.00","1.00","1.00"
"21/01/2020 5:58:38 AM","1.00","1.00","0.00"
"21/01/2020 5:52:32 AM","1.00","0.00","0.00"
"21/01/2020 4:29:13 AM","0.00","0.00","0.00"
"21/01/2020 4:29:08 AM","0.00","0.00","1.00"
"21/01/2020 3:58:04 AM","0.00","1.00","1.00"
"21/01/2020 3:52:15 AM","1.00","1.00","1.00"
"21/01/2020 3:42:13 AM","0.00","1.00","1.00"
"21/01/2020 3:41:38 AM","0.00","1.00","0.00"
"21/01/2020 3:41:29 AM","0.00","0.00","0.00"
"21/01/2020 3:35:23 AM","1.00","0.00","0.00"
"20/01/2020 7:01:38 PM","0.00","0.00","0.00"
"20/01/2020 6:30:37 PM","0.00","1.00","1.00"
"20/01/2020 6:25:33 PM","1.00","1.00","1.00"
"20/01/2020 6:13:53 PM","0.00","1.00","1.00"
"20/01/2020 6:11:58 PM","0.00","1.00","0.00"
"20/01/2020 6:11:06 PM","0.00","0.00","0.00"
"20/01/2020 6:05:57 PM","1.00","0.00","0.00"
"20/01/2020 6:00:09 PM","0.00","0.00","0.00"
"20/01/2020 6:00:08 PM","0.00","0.00","1.00"
"20/01/2020 5:09:56 PM","0.00","1.00","1.00"
"20/01/2020 5:04:48 PM","1.00","1.00","1.00"
"20/01/2020 4:14:29 PM","0.00","1.00","1.00"
"20/01/2020 2:22:16 PM","1.00","1.00","1.00"
"20/01/2020 7:34:40 AM","1.00","1.00","0.00"
"20/01/2020 6:34:16 AM","0.00","1.00","0.00"
"20/01/2020 6:23:46 AM","1.00","1.00","0.00"
"20/01/2020 6:00:08 AM","0.00","1.00","0.00"
"19/01/2020 12:33:08 PM","0.00","0.00","0.00"
"19/01/2020 12:02:00 PM","0.00","1.00","0.00"
"19/01/2020 12:01:48 PM","1.00","1.00","0.00"
"19/01/2020 11:55:45 AM","1.00","0.00","0.00"
"17/01/2020 6:00:11 PM","0.00","0.00","0.00"
"17/01/2020 6:00:08 PM","0.00","0.00","1.00"
"17/01/2020 1:15:55 PM","0.00","1.00","1.00"
"17/01/2020 1:00:04 PM","1.00","1.00","1.00"
"17/01/2020 12:56:19 PM","0.00","1.00","1.00"
"17/01/2020 12:18:02 PM","1.00","1.00","1.00"
"17/01/2020 12:16:44 PM","0.00","1.00","1.00"
"17/01/2020 12:04:29 PM","1.00","1.00","1.00"
"17/01/2020 11:53:49 AM","0.00","1.00","1.00"
"17/01/2020 11:52:52 AM","1.00","1.00","1.00"
"17/01/2020 11:51:44 AM","1.00","1.00","0.00"
"17/01/2020 11:34:54 AM","1.00","1.00","1.00"
"17/01/2020 11:33:17 AM","0.00","1.00","1.00"
"17/01/2020 10:49:24 AM","1.00","1.00","1.00"
"17/01/2020 10:44:31 AM","0.00","1.00","1.00"
"17/01/2020 10:22:58 AM","1.00","1.00","1.00"
"17/01/2020 8:52:53 AM","0.00","1.00","1.00"
"17/01/2020 5:31:32 AM","0.00","1.00","0.00"
"17/01/2020 5:27:28 AM","1.00","1.00","0.00"
"17/01/2020 5:21:20 AM","1.00","0.00","0.00"
"16/01/2020 6:48:11 PM","0.00","0.00","0.00"
"16/01/2020 6:48:08 PM","0.00","0.00","1.00"
"16/01/2020 6:17:07 PM","0.00","1.00","1.00"
"16/01/2020 6:13:15 PM","1.00","1.00","1.00"
"16/01/2020 6:06:08 PM","1.00","1.00","0.00"
"16/01/2020 6:00:12 PM","1.00","0.00","0.00"
"16/01/2020 6:00:08 PM","1.00","0.00","1.00"
"16/01/2020 5:45:56 PM","1.00","1.00","1.00"
"16/01/2020 5:44:34 PM","0.00","1.00","1.00"
"16/01/2020 3:55:19 PM","1.00","1.00","1.00"
"16/01/2020 3:47:35 PM","0.00","1.00","1.00"
"16/01/2020 2:30:39 PM","1.00","1.00","1.00"
"16/01/2020 2:30:26 PM","0.00","1.00","1.00"
"16/01/2020 1:12:08 PM","1.00","1.00","1.00"
"16/01/2020 11:03:57 AM","0.00","1.00","1.00"
"16/01/2020 10:58:16 AM","1.00","1.00","1.00"
"16/01/2020 10:50:17 AM","0.00","1.00","1.00"
"16/01/2020 10:39:27 AM","1.00","1.00","1.00"
"16/01/2020 10:39:06 AM","1.00","1.00","0.00"
"16/01/2020 10:38:35 AM","1.00","1.00","1.00"
"16/01/2020 10:27:57 AM","1.00","1.00","0.00"
"16/01/2020 10:24:25 AM","0.00","1.00","0.00"
"16/01/2020 10:18:24 AM","1.00","1.00","0.00"
"16/01/2020 6:00:08 AM","0.00","1.00","0.00"
"15/01/2020 6:00:08 PM","0.00","0.00","0.00"
"15/01/2020 6:00:08 AM","0.00","1.00","0.00"
"15/01/2020 5:33:28 AM","0.00","0.00","0.00"
"15/01/2020 5:03:18 AM","0.00","1.00","0.00"
"15/01/2020 5:02:22 AM","0.00","0.00","0.00"
"15/01/2020 4:57:06 AM","1.00","0.00","0.00"
"14/01/2020 6:00:08 PM","0.00","0.00","0.00"
"14/01/2020 6:00:08 AM","0.00","1.00","0.00"
"14/01/2020 5:48:08 AM","0.00","0.00","0.00"
"14/01/2020 5:17:58 AM","0.00","1.00","0.00"
"14/01/2020 5:17:03 AM","0.00","0.00","0.00"
"14/01/2020 5:11:48 AM","1.00","0.00","0.00"
"13/01/2020 6:00:08 PM","0.00","0.00","0.00"
"13/01/2020 5:42:30 AM","0.00","1.00","0.00"
"13/01/2020 5:42:28 AM","1.00","1.00","0.00"
"13/01/2020 5:36:20 AM","1.00","0.00","0.00"
"11/01/2020 5:31:58 PM","0.00","0.00","0.00"
"11/01/2020 5:01:08 PM","0.00","1.00","0.00"
"11/01/2020 5:00:50 PM","0.00","0.00","0.00"
"11/01/2020 4:55:01 PM","1.00","0.00","0.00"
"11/01/2020 4:16:38 PM","0.00","0.00","0.00"
"11/01/2020 3:45:31 PM","0.00","1.00","0.00"
"11/01/2020 3:34:47 PM","1.00","1.00","0.00"
"11/01/2020 3:34:23 PM","0.00","1.00","0.00"
"11/01/2020 3:26:45 PM","1.00","1.00","0.00"
"11/01/2020 3:10:46 PM","0.00","1.00","0.00"
"11/01/2020 3:05:44 PM","1.00","1.00","0.00"
"11/01/2020 3:03:41 PM","0.00","1.00","0.00"
"11/01/2020 2:58:37 PM","1.00","1.00","0.00"
"11/01/2020 2:58:08 PM","0.00","1.00","0.00"
"11/01/2020 2:51:36 PM","1.00","1.00","0.00"
"11/01/2020 2:48:37 PM","0.00","1.00","0.00"
"11/01/2020 2:36:43 PM","1.00","1.00","0.00"
"11/01/2020 2:36:25 PM","0.00","1.00","0.00"
"11/01/2020 2:31:22 PM","1.00","1.00","0.00"
"11/01/2020 2:29:22 PM","0.00","1.00","0.00"
"11/01/2020 2:24:17 PM","1.00","1.00","0.00"
"11/01/2020 2:22:23 PM","0.00","1.00","0.00"
"11/01/2020 2:17:20 PM","1.00","1.00","0.00"
"11/01/2020 2:16:58 PM","0.00","1.00","0.00"
"11/01/2020 2:05:48 PM","1.00","1.00","0.00"
"11/01/2020 1:57:13 PM","0.00","1.00","0.00"
"11/01/2020 1:46:44 PM","1.00","1.00","0.00"
"11/01/2020 1:34:48 PM","0.00","1.00","0.00"
"11/01/2020 1:28:56 PM","1.00","1.00","0.00"
"11/01/2020 1:28:51 PM","0.00","1.00","0.00"
"11/01/2020 1:23:38 PM","1.00","1.00","0.00"
"11/01/2020 1:09:43 PM","0.00","1.00","0.00"
"11/01/2020 1:04:37 PM","1.00","1.00","0.00"
"11/01/2020 12:57:08 PM","0.00","1.00","0.00"
"11/01/2020 12:52:05 PM","1.00","1.00","0.00"
"11/01/2020 12:51:53 PM","0.00","1.00","0.00"
"11/01/2020 12:51:28 PM","1.00","1.00","0.00"
"11/01/2020 12:45:27 PM","1.00","0.00","0.00"
"11/01/2020 9:21:28 AM","0.00","0.00","0.00"
"11/01/2020 8:50:38 AM","0.00","1.00","0.00"
"11/01/2020 8:50:17 AM","0.00","0.00","0.00"
"11/01/2020 8:44:32 AM","1.00","0.00","0.00"
"10/01/2020 6:00:08 PM","0.00","0.00","0.00"
"10/01/2020 6:00:08 AM","0.00","1.00","0.00"
"10/01/2020 5:42:18 AM","0.00","0.00","0.00"
"10/01/2020 5:11:58 AM","0.00","1.00","0.00"
"10/01/2020 5:11:09 AM","0.00","0.00","0.00"
"10/01/2020 5:05:52 AM","1.00","0.00","0.00"
"9/01/2020 6:00:08 PM","0.00","0.00","0.00"
"9/01/2020 6:00:08 AM","0.00","1.00","0.00"
"9/01/2020 5:43:18 AM","0.00","0.00","0.00"
"9/01/2020 5:12:58 AM","0.00","1.00","0.00"
"9/01/2020 5:12:13 AM","0.00","0.00","0.00"
"9/01/2020 5:06:53 AM","1.00","0.00","0.00"
"8/01/2020 6:00:08 PM","0.00","0.00","0.00"
"8/01/2020 1:20:56 PM","0.00","1.00","0.00"
"8/01/2020 12:57:14 PM","1.00","1.00","0.00"
"8/01/2020 12:57:05 PM","0.00","1.00","0.00"
"8/01/2020 12:41:30 PM","1.00","1.00","0.00"
"8/01/2020 12:37:47 PM","0.00","1.00","0.00"
"8/01/2020 12:32:34 PM","1.00","1.00","0.00"
"8/01/2020 12:20:33 PM","0.00","1.00","0.00"
"8/01/2020 12:04:56 PM","1.00","1.00","0.00"
"8/01/2020 11:32:16 AM","0.00","1.00","0.00"
"8/01/2020 11:27:11 AM","1.00","1.00","0.00"
"8/01/2020 6:00:08 AM","0.00","1.00","0.00"
"8/01/2020 5:45:58 AM","0.00","0.00","0.00"
"8/01/2020 5:15:38 AM","0.00","1.00","0.00"
"8/01/2020 5:14:50 AM","0.00","0.00","0.00"
"8/01/2020 5:09:29 AM","1.00","0.00","0.00"
"7/01/2020 6:00:08 PM","0.00","0.00","0.00"
"7/01/2020 10:01:09 AM","0.00","1.00","0.00"
"7/01/2020 9:54:59 AM","1.00","1.00","0.00"
"7/01/2020 5:50:38 AM","0.00","1.00","0.00"
"7/01/2020 5:50:33 AM","0.00","0.00","0.00"
"7/01/2020 5:44:29 AM","1.00","0.00","0.00"
"6/01/2020 6:00:08 PM","0.00","0.00","0.00"
"6/01/2020 6:00:08 AM","0.00","1.00","0.00"
"6/01/2020 5:25:28 AM","0.00","0.00","0.00"
"6/01/2020 4:54:23 AM","0.00","1.00","0.00"
"6/01/2020 4:51:08 AM","1.00","1.00","0.00"
"6/01/2020 4:44:58 AM","1.00","0.00","0.00"
"4/01/2020 5:10:28 PM","0.00","0.00","0.00"
"4/01/2020 4:39:27 PM","0.00","1.00","0.00"
"4/01/2020 2:33:58 PM","1.00","1.00","0.00"
"4/01/2020 2:27:27 PM","0.00","1.00","0.00"
"4/01/2020 1:44:50 PM","1.00","1.00","0.00"
"4/01/2020 1:43:59 PM","0.00","1.00","0.00"
"4/01/2020 1:35:38 PM","1.00","1.00","0.00"
"4/01/2020 1:33:28 PM","0.00","1.00","0.00"
"4/01/2020 1:18:55 PM","1.00","1.00","0.00"
"4/01/2020 1:13:14 PM","0.00","1.00","0.00"
"4/01/2020 1:08:11 PM","1.00","1.00","0.00"
"4/01/2020 1:00:08 PM","0.00","1.00","0.00"
"4/01/2020 12:55:18 PM","1.00","1.00","0.00"
"4/01/2020 12:49:17 PM","1.00","0.00","0.00"
"3/01/2020 6:00:08 PM","0.00","0.00","0.00"
"3/01/2020 5:14:21 PM","0.00","1.00","0.00"
"3/01/2020 2:38:37 PM","1.00","1.00","0.00"
"3/01/2020 2:27:45 PM","0.00","1.00","0.00"
"3/01/2020 2:21:13 PM","1.00","1.00","0.00"
"3/01/2020 1:56:36 PM","0.00","1.00","0.00"
"3/01/2020 1:51:09 PM","1.00","1.00","0.00"
"3/01/2020 1:40:04 PM","0.00","1.00","0.00"
"3/01/2020 12:33:26 PM","1.00","1.00","0.00"
"3/01/2020 6:00:08 AM","0.00","1.00","0.00"
"3/01/2020 5:04:38 AM","0.00","0.00","0.00"
"3/01/2020 4:33:32 AM","0.00","1.00","0.00"
"3/01/2020 4:28:08 AM","1.00","1.00","0.00"
"3/01/2020 4:22:02 AM","1.00","0.00","0.00"
"2/01/2020 8:30:18 PM","0.00","0.00","0.00"
"2/01/2020 7:59:08 PM","0.00","1.00","0.00"
"2/01/2020 7:53:52 PM","1.00","1.00","0.00"
"2/01/2020 7:48:10 PM","0.00","1.00","0.00"
"2/01/2020 6:06:08 PM","1.00","1.00","0.00"
"2/01/2020 6:00:08 PM","1.00","0.00","0.00"
"2/01/2020 3:47:51 PM","1.00","1.00","0.00"
"2/01/2020 3:46:35 PM","0.00","1.00","0.00"
"2/01/2020 3:41:29 PM","1.00","1.00","0.00"
"2/01/2020 3:40:49 PM","0.00","1.00","0.00"
"2/01/2020 12:58:26 PM","1.00","1.00","0.00"
"2/01/2020 12:57:10 PM","0.00","1.00","0.00"
"2/01/2020 12:38:12 PM","1.00","1.00","0.00"
"2/01/2020 12:25:19 PM","0.00","1.00","0.00"
"2/01/2020 10:02:13 AM","1.00","1.00","0.00"
"2/01/2020 6:48:36 AM","0.00","1.00","0.00"
"2/01/2020 6:42:10 AM","1.00","1.00","0.00"
"2/01/2020 6:00:08 AM","0.00","1.00","0.00"
"2/01/2020 5:23:28 AM","0.00","0.00","0.00"
"2/01/2020 4:52:18 AM","0.00","1.00","0.00"
"2/01/2020 4:48:08 AM","1.00","1.00","0.00"
"2/01/2020 4:41:59 AM","1.00","0.00","0.00"
"2/01/2020 12:00:08 AM","0.00","0.00","0.00"
"29/12/2019 6:07:46 PM","0.00","1.00","0.00"
"29/12/2019 5:46:40 PM","0.00","1.00","1.00"
"29/12/2019 5:45:35 PM","0.00","1.00","0.00"
"28/12/2019 7:58:17 PM","0.00","1.00","1.00"
"28/12/2019 7:58:13 PM","0.00","1.00","0.00"
"27/12/2019 8:56:04 AM","0.00","1.00","1.00"
"27/12/2019 8:56:00 AM","0.00","1.00","0.00"
"27/12/2019 7:53:14 AM","0.00","1.00","1.00"
"26/12/2019 8:31:22 AM","0.00","1.00","1.00"
"26/12/2019 8:31:21 AM","0.00","1.00","0.00"
"25/12/2019 4:09:42 AM","0.00","1.00","1.00"
"25/12/2019 4:08:07 AM","0.00","1.00","0.00"
"24/12/2019 11:06:19 PM","0.00","1.00","1.00"
"24/12/2019 11:06:14 PM","0.00","1.00","0.00"
"23/12/2019 8:47:11 AM","0.00","1.00","1.00"
"23/12/2019 8:47:09 AM","0.00","1.00","0.00"
"22/12/2019 9:33:10 PM","0.00","1.00","1.00"
"21/12/2019 12:00:08 AM","0.00","1.00","0.00"
"20/12/2019 8:41:28 PM","0.00","0.00","0.00"
"20/12/2019 8:10:20 PM","0.00","1.00","0.00"
"20/12/2019 7:01:58 PM","1.00","1.00","0.00"
"20/12/2019 6:55:49 PM","1.00","0.00","0.00"
"20/12/2019 6:48:58 PM","0.00","0.00","0.00"
"20/12/2019 6:17:50 PM","0.00","1.00","0.00"
"20/12/2019 6:06:08 PM","1.00","1.00","0.00"
"20/12/2019 6:00:08 PM","1.00","0.00","0.00"
"20/12/2019 3:19:42 PM","1.00","1.00","0.00"
"20/12/2019 3:15:10 PM","0.00","1.00","0.00"
"20/12/2019 2:55:12 PM","1.00","1.00","0.00"
"20/12/2019 2:35:06 PM","0.00","1.00","0.00"
"20/12/2019 12:04:55 PM","1.00","1.00","0.00"
"20/12/2019 11:50:17 AM","0.00","1.00","0.00"
"20/12/2019 10:41:30 AM","1.00","1.00","0.00"
"20/12/2019 6:00:08 AM","0.00","1.00","0.00"
"20/12/2019 4:28:48 AM","0.00","0.00","0.00"
"20/12/2019 3:57:40 AM","0.00","1.00","0.00"
"20/12/2019 3:55:28 AM","1.00","1.00","0.00"
"20/12/2019 3:49:27 AM","1.00","0.00","0.00"
"20/12/2019 12:20:08 AM","0.00","0.00","0.00"
"19/12/2019 11:49:00 PM","0.00","1.00","0.00"
"19/12/2019 7:16:24 PM","1.00","1.00","0.00"
"19/12/2019 7:02:48 PM","0.00","1.00","0.00"
"19/12/2019 6:06:08 PM","1.00","1.00","0.00"
"19/12/2019 6:00:08 PM","1.00","0.00","0.00"
"19/12/2019 2:24:06 PM","1.00","1.00","0.00"
"19/12/2019 6:00:08 AM","0.00","1.00","0.00"
"19/12/2019 4:20:08 AM","0.00","0.00","0.00"
"19/12/2019 3:48:54 AM","0.00","1.00","0.00"
"19/12/2019 3:47:38 AM","1.00","1.00","0.00"
"19/12/2019 3:41:36 AM","1.00","0.00","0.00"
"19/12/2019 12:00:08 AM","0.00","0.00","0.00"
"18/12/2019 11:28:54 PM","0.00","1.00","0.00"
"18/12/2019 11:13:58 PM","1.00","1.00","0.00"
"18/12/2019 11:07:49 PM","1.00","0.00","0.00"
"18/12/2019 10:24:30 PM","0.00","0.00","0.00"
"18/12/2019 10:24:28 PM","0.00","0.00","1.00"
"18/12/2019 9:53:24 PM","0.00","1.00","1.00"
"18/12/2019 9:41:42 PM","1.00","1.00","1.00"
"18/12/2019 9:23:39 PM","0.00","1.00","1.00"
"18/12/2019 9:14:24 PM","1.00","1.00","1.00"
"18/12/2019 9:14:07 PM","0.00","1.00","1.00"
"18/12/2019 9:08:50 PM","1.00","1.00","1.00"
"18/12/2019 9:07:38 PM","0.00","1.00","1.00"
"18/12/2019 9:05:34 PM","0.00","1.00","0.00"
"18/12/2019 9:03:08 PM","1.00","1.00","0.00"
"18/12/2019 8:57:00 PM","1.00","0.00","0.00"
"18/12/2019 6:00:08 PM","0.00","0.00","0.00"
"18/12/2019 4:10:23 PM","0.00","1.00","0.00"
"18/12/2019 3:56:19 PM","1.00","1.00","0.00"
"18/12/2019 3:52:36 PM","0.00","1.00","0.00"
"18/12/2019 3:47:33 PM","1.00","1.00","0.00"
"18/12/2019 3:35:58 PM","0.00","1.00","0.00"
"18/12/2019 3:30:56 PM","1.00","1.00","0.00"
"18/12/2019 3:20:36 PM","0.00","1.00","0.00"
"18/12/2019 3:15:34 PM","1.00","1.00","0.00"
"18/12/2019 3:14:26 PM","0.00","1.00","0.00"
"18/12/2019 2:50:46 PM","1.00","1.00","0.00"
"18/12/2019 2:48:36 PM","0.00","1.00","0.00"
"18/12/2019 2:41:37 PM","1.00","1.00","0.00"
"18/12/2019 11:52:34 AM","0.00","1.00","0.00"
"18/12/2019 11:43:33 AM","1.00","1.00","0.00"
"18/12/2019 11:33:26 AM","0.00","1.00","0.00"
"18/12/2019 11:18:12 AM","1.00","1.00","0.00"
"18/12/2019 11:03:03 AM","0.00","1.00","0.00"
"18/12/2019 10:56:59 AM","1.00","1.00","0.00"
"18/12/2019 6:00:08 AM","0.00","1.00","0.00"
"18/12/2019 4:29:48 AM","0.00","0.00","0.00"
"18/12/2019 4:13:36 AM","0.00","1.00","0.00"
"18/12/2019 3:58:34 AM","0.00","1.00","1.00"
"18/12/2019 3:55:02 AM","1.00","1.00","1.00"
"18/12/2019 3:52:38 AM","1.00","1.00","0.00"
"18/12/2019 3:46:23 AM","1.00","0.00","0.00"
"17/12/2019 7:31:08 PM","0.00","0.00","0.00"
"17/12/2019 7:29:58 PM","0.00","1.00","0.00"
"17/12/2019 7:21:55 PM","0.00","1.00","1.00"
"17/12/2019 7:00:06 PM","0.00","1.00","0.00"
"17/12/2019 6:54:55 PM","1.00","1.00","0.00"
"17/12/2019 6:35:49 PM","0.00","1.00","0.00"
"17/12/2019 6:28:08 PM","1.00","1.00","0.00"
"17/12/2019 6:22:05 PM","1.00","0.00","0.00"
"17/12/2019 6:00:12 PM","0.00","0.00","0.00"
"17/12/2019 6:00:08 PM","0.00","0.00","1.00"
"17/12/2019 4:29:15 PM","0.00","1.00","1.00"
"17/12/2019 1:38:41 PM","1.00","1.00","1.00"
"17/12/2019 1:38:28 PM","1.00","1.00","0.00"
"17/12/2019 8:30:39 AM","1.00","1.00","1.00"
"17/12/2019 8:29:17 AM","1.00","1.00","0.00"
"17/12/2019 8:00:41 AM","1.00","1.00","1.00"
"17/12/2019 6:02:52 AM","0.00","1.00","1.00"
"17/12/2019 6:00:08 AM","0.00","1.00","0.00"
"17/12/2019 4:31:30 AM","0.00","0.00","0.00"
"17/12/2019 4:31:28 AM","0.00","0.00","1.00"
"17/12/2019 4:02:51 AM","0.00","1.00","1.00"
"17/12/2019 4:00:13 AM","0.00","1.00","0.00"
"17/12/2019 3:54:08 AM","1.00","1.00","0.00"
"17/12/2019 3:48:05 AM","1.00","0.00","0.00"
"16/12/2019 11:32:33 PM","0.00","0.00","0.00"
"16/12/2019 11:32:28 PM","0.00","0.00","1.00"
"16/12/2019 11:02:50 PM","0.00","1.00","1.00"
"16/12/2019 11:01:13 PM","0.00","1.00","0.00"
"16/12/2019 11:01:08 PM","1.00","1.00","0.00"
"16/12/2019 10:54:58 PM","1.00","0.00","0.00"
"16/12/2019 7:57:21 PM","0.00","0.00","0.00"
"16/12/2019 7:57:18 PM","0.00","0.00","1.00"
"16/12/2019 7:45:23 PM","0.00","1.00","1.00"
"16/12/2019 7:26:48 PM","0.00","1.00","0.00"
"16/12/2019 7:26:16 PM","0.00","0.00","0.00"
"16/12/2019 7:20:41 PM","1.00","0.00","0.00"
"16/12/2019 6:00:11 PM","0.00","0.00","0.00"
"16/12/2019 6:00:08 PM","0.00","0.00","1.00"
"16/12/2019 5:07:55 PM","0.00","1.00","1.00"
"16/12/2019 5:02:32 PM","1.00","1.00","1.00"
"16/12/2019 4:25:02 PM","0.00","1.00","1.00"
"16/12/2019 8:51:22 AM","1.00","1.00","1.00"
"16/12/2019 8:09:28 AM","1.00","1.00","0.00"
"16/12/2019 8:09:26 AM","0.00","1.00","0.00"
"16/12/2019 7:57:20 AM","1.00","1.00","0.00"
"16/12/2019 6:00:08 AM","0.00","1.00","0.00"
"16/12/2019 4:38:38 AM","0.00","0.00","0.00"
"16/12/2019 4:07:30 AM","0.00","1.00","0.00"
"16/12/2019 4:03:18 AM","1.00","1.00","0.00"
"16/12/2019 3:57:08 AM","1.00","0.00","0.00"
"14/12/2019 12:12:12 AM","0.00","0.00","0.00"
"14/12/2019 12:12:08 AM","0.00","0.00","1.00"
"13/12/2019 11:40:57 PM","0.00","1.00","1.00"
"13/12/2019 7:27:27 PM","1.00","1.00","1.00"
"13/12/2019 7:26:18 PM","1.00","1.00","0.00"
"13/12/2019 7:20:07 PM","1.00","0.00","0.00"
"13/12/2019 6:00:09 PM","0.00","0.00","0.00"
"13/12/2019 6:00:08 PM","0.00","0.00","1.00"
"13/12/2019 5:45:27 PM","0.00","1.00","1.00"
"13/12/2019 5:35:18 PM","1.00","1.00","1.00"
"13/12/2019 2:39:29 PM","0.00","1.00","1.00"
"13/12/2019 2:34:17 PM","1.00","1.00","1.00"
"13/12/2019 2:33:31 PM","0.00","1.00","1.00"
"13/12/2019 2:23:58 PM","1.00","1.00","1.00"
"13/12/2019 2:18:42 PM","0.00","1.00","1.00"
"13/12/2019 1:44:34 PM","1.00","1.00","1.00"
"13/12/2019 1:28:15 PM","0.00","1.00","1.00"
"13/12/2019 1:19:22 PM","1.00","1.00","1.00"
"13/12/2019 11:32:23 AM","0.00","1.00","1.00"
"13/12/2019 11:07:34 AM","1.00","1.00","1.00"
"13/12/2019 10:03:39 AM","0.00","1.00","1.00"
"13/12/2019 9:54:32 AM","1.00","1.00","1.00"
"13/12/2019 9:42:02 AM","0.00","1.00","1.00"
"13/12/2019 9:36:04 AM","1.00","1.00","1.00"
"13/12/2019 9:21:50 AM","0.00","1.00","1.00"
"13/12/2019 9:14:30 AM","1.00","1.00","1.00"
"13/12/2019 8:43:31 AM","0.00","1.00","1.00"
"13/12/2019 7:27:36 AM","0.00","1.00","0.00"
"13/12/2019 6:01:08 AM","0.00","1.00","1.00"
"13/12/2019 6:00:08 AM","0.00","1.00","0.00"
"13/12/2019 4:38:19 AM","0.00","0.00","0.00"
"13/12/2019 4:38:18 AM","0.00","0.00","1.00"
"13/12/2019 4:07:12 AM","0.00","1.00","1.00"
"13/12/2019 3:56:49 AM","1.00","1.00","1.00"
"13/12/2019 3:53:48 AM","1.00","1.00","0.00"
"13/12/2019 3:47:39 AM","1.00","0.00","0.00"
"12/12/2019 8:26:00 PM","0.00","0.00","0.00"
"12/12/2019 8:25:58 PM","0.00","0.00","1.00"
"12/12/2019 7:54:54 PM","0.00","1.00","1.00"
"12/12/2019 6:53:55 PM","1.00","1.00","1.00"
"12/12/2019 6:06:08 PM","1.00","1.00","0.00"
"12/12/2019 6:00:11 PM","1.00","0.00","0.00"
"12/12/2019 6:00:08 PM","1.00","0.00","1.00"
"12/12/2019 5:17:33 PM","1.00","1.00","1.00"
"12/12/2019 4:40:01 PM","0.00","1.00","1.00"
"12/12/2019 4:27:44 PM","1.00","1.00","1.00"
"12/12/2019 4:27:30 PM","0.00","1.00","1.00"
"12/12/2019 1:24:07 PM","1.00","1.00","1.00"
"12/12/2019 1:23:42 PM","1.00","1.00","0.00"
"12/12/2019 12:00:29 PM","1.00","1.00","1.00"
"12/12/2019 8:10:49 AM","1.00","1.00","0.00"
"12/12/2019 8:06:08 AM","0.00","1.00","0.00"
"12/12/2019 8:00:27 AM","1.00","1.00","0.00"
"12/12/2019 6:00:08 AM","0.00","1.00","0.00"
"12/12/2019 4:29:38 AM","0.00","0.00","0.00"
"12/12/2019 3:58:28 AM","0.00","1.00","0.00"
"12/12/2019 3:51:12 AM","1.00","1.00","0.00"
"12/12/2019 3:44:58 AM","0.00","1.00","0.00"
"12/12/2019 3:44:18 AM","0.00","0.00","0.00"
"12/12/2019 3:38:51 AM","1.00","0.00","0.00"
"11/12/2019 11:14:58 PM","0.00","0.00","0.00"
"11/12/2019 10:44:18 PM","0.00","1.00","0.00"
"11/12/2019 10:43:57 PM","0.00","0.00","0.00"
"11/12/2019 10:38:11 PM","1.00","0.00","0.00"
"11/12/2019 7:13:58 PM","0.00","0.00","0.00"
"11/12/2019 6:42:43 PM","0.00","1.00","0.00"
"11/12/2019 6:34:19 PM","1.00","1.00","0.00"
"11/12/2019 6:33:27 PM","0.00","1.00","0.00"
"11/12/2019 6:06:08 PM","1.00","1.00","0.00"
"11/12/2019 6:00:08 PM","1.00","0.00","0.00"
"11/12/2019 2:54:24 PM","1.00","1.00","0.00"
"11/12/2019 2:17:54 PM","0.00","1.00","0.00"
"11/12/2019 2:12:28 PM","1.00","1.00","0.00"
"11/12/2019 11:31:38 AM","0.00","1.00","0.00"
"11/12/2019 11:20:44 AM","1.00","1.00","0.00"
"11/12/2019 10:13:14 AM","0.00","1.00","0.00"
"11/12/2019 10:05:16 AM","1.00","1.00","0.00"
"11/12/2019 6:00:08 AM","0.00","1.00","0.00"
"11/12/2019 4:24:08 AM","0.00","0.00","0.00"
"11/12/2019 3:53:06 AM","0.00","1.00","0.00"
"11/12/2019 3:48:48 AM","1.00","1.00","0.00"
"11/12/2019 3:42:45 AM","1.00","0.00","0.00"
"10/12/2019 6:00:08 PM","0.00","0.00","0.00"
"10/12/2019 3:41:58 PM","0.00","1.00","0.00"
"10/12/2019 3:00:08 PM","1.00","1.00","0.00"
"10/12/2019 1:06:20 PM","0.00","1.00","0.00"
"10/12/2019 12:32:55 PM","1.00","1.00","0.00"
"10/12/2019 6:00:08 AM","0.00","1.00","0.00"
"10/12/2019 4:30:28 AM","0.00","0.00","0.00"
"10/12/2019 3:59:22 AM","0.00","1.00","0.00"
"10/12/2019 3:56:18 AM","1.00","1.00","0.00"
"10/12/2019 3:50:14 AM","1.00","0.00","0.00"
"9/12/2019 11:24:08 PM","0.00","0.00","0.00"
"9/12/2019 10:53:00 PM","0.00","1.00","0.00"
"9/12/2019 7:23:08 PM","1.00","1.00","0.00"
"9/12/2019 7:17:06 PM","1.00","0.00","0.00"
"9/12/2019 6:00:08 PM","0.00","0.00","0.00"
"9/12/2019 5:22:06 PM","0.00","1.00","0.00"
"9/12/2019 4:16:26 PM","1.00","1.00","0.00"
"9/12/2019 3:29:03 PM","0.00","1.00","0.00"
"9/12/2019 3:15:04 PM","1.00","1.00","0.00"
"9/12/2019 3:06:34 PM","0.00","1.00","0.00"
"9/12/2019 3:01:30 PM","1.00","1.00","0.00"
"9/12/2019 2:57:12 PM","0.00","1.00","0.00"
"9/12/2019 2:39:52 PM","1.00","1.00","0.00"
"9/12/2019 2:28:11 PM","0.00","1.00","0.00"
"9/12/2019 2:20:24 PM","1.00","1.00","0.00"
"9/12/2019 2:19:15 PM","0.00","1.00","0.00"
"9/12/2019 1:55:21 PM","1.00","1.00","0.00"
"9/12/2019 1:50:26 PM","0.00","1.00","0.00"
"9/12/2019 12:52:09 PM","1.00","1.00","0.00"
"9/12/2019 12:47:44 PM","0.00","1.00","0.00"
"9/12/2019 11:43:50 AM","1.00","1.00","0.00"
"9/12/2019 6:00:08 AM","0.00","1.00","0.00"
"9/12/2019 4:59:28 AM","0.00","0.00","0.00"
"9/12/2019 4:28:25 AM","0.00","1.00","0.00"
"9/12/2019 4:11:43 AM","1.00","1.00","0.00"
"9/12/2019 4:04:38 AM","0.00","1.00","0.00"
"9/12/2019 4:03:54 AM","0.00","0.00","0.00"
"9/12/2019 3:58:30 AM","1.00","0.00","0.00"
"7/12/2019 2:10:28 PM","0.00","0.00","0.00"
"7/12/2019 1:39:27 PM","0.00","1.00","0.00"
"7/12/2019 8:46:38 AM","1.00","1.00","0.00"
"7/12/2019 8:40:37 AM","1.00","0.00","0.00"
"7/12/2019 12:23:34 AM","0.00","0.00","0.00"
"7/12/2019 12:23:28 AM","0.00","0.00","1.00"
"6/12/2019 11:52:27 PM","0.00","1.00","1.00"
"6/12/2019 7:34:15 PM","1.00","1.00","1.00"
"6/12/2019 7:32:48 PM","1.00","1.00","0.00"
"6/12/2019 7:26:43 PM","1.00","0.00","0.00"
"6/12/2019 6:57:26 PM","0.00","0.00","0.00"
"6/12/2019 6:57:18 PM","0.00","0.00","1.00"
"6/12/2019 6:52:13 PM","0.00","1.00","1.00"
"6/12/2019 6:52:11 PM","0.00","1.00","0.00"
"6/12/2019 6:31:56 PM","0.00","1.00","1.00"
"6/12/2019 6:27:08 PM","0.00","1.00","0.00"
"6/12/2019 6:26:09 PM","0.00","0.00","0.00"
"6/12/2019 6:21:07 PM","1.00","0.00","0.00"
"6/12/2019 6:00:10 PM","0.00","0.00","0.00"
"6/12/2019 6:00:08 PM","0.00","0.00","1.00"
"6/12/2019 4:05:44 PM","0.00","1.00","1.00"
"6/12/2019 3:55:32 PM","1.00","1.00","1.00"
"6/12/2019 3:20:37 PM","0.00","1.00","1.00"
"6/12/2019 3:20:13 PM","0.00","1.00","0.00"
"6/12/2019 2:51:22 PM","0.00","1.00","1.00"
"6/12/2019 2:39:20 PM","1.00","1.00","1.00"
"6/12/2019 12:47:42 PM","0.00","1.00","1.00"
"6/12/2019 10:46:34 AM","1.00","1.00","1.00"
"6/12/2019 7:46:03 AM","0.00","1.00","1.00"
"6/12/2019 7:31:12 AM","1.00","1.00","1.00"
"6/12/2019 6:05:14 AM","0.00","1.00","1.00"
"6/12/2019 6:01:32 AM","0.00","1.00","0.00"
"6/12/2019 5:53:48 AM","1.00","1.00","0.00"
"6/12/2019 5:47:42 AM","1.00","0.00","0.00"
"5/12/2019 8:16:41 PM","0.00","0.00","0.00"
"5/12/2019 8:16:38 PM","0.00","0.00","1.00"
"5/12/2019 7:45:28 PM","0.00","1.00","1.00"
"5/12/2019 7:40:23 PM","1.00","1.00","1.00"
"5/12/2019 7:32:26 PM","0.00","1.00","1.00"
"5/12/2019 7:27:23 PM","1.00","1.00","1.00"
"5/12/2019 6:56:59 PM","0.00","1.00","1.00"
"5/12/2019 6:11:19 PM","1.00","1.00","1.00"
"5/12/2019 6:06:08 PM","1.00","1.00","0.00"
"5/12/2019 6:00:13 PM","1.00","0.00","0.00"
"5/12/2019 6:00:08 PM","1.00","0.00","1.00"
"5/12/2019 3:52:17 PM","1.00","1.00","1.00"
"5/12/2019 3:35:04 PM","0.00","1.00","1.00"
"5/12/2019 3:29:58 PM","1.00","1.00","1.00"
"5/12/2019 2:52:58 PM","0.00","1.00","1.00"
"5/12/2019 8:59:53 AM","1.00","1.00","1.00"
"5/12/2019 8:59:49 AM","1.00","1.00","0.00"
"5/12/2019 7:48:21 AM","1.00","1.00","1.00"
"5/12/2019 7:48:19 AM","0.00","1.00","1.00"
"5/12/2019 7:45:51 AM","1.00","1.00","1.00"
"5/12/2019 7:45:48 AM","1.00","1.00","0.00"
"5/12/2019 7:41:39 AM","1.00","1.00","1.00"
"5/12/2019 7:34:09 AM","0.00","1.00","1.00"
"5/12/2019 7:29:03 AM","1.00","1.00","1.00"
"5/12/2019 6:16:52 AM","0.00","1.00","1.00"
"5/12/2019 6:08:38 AM","1.00","1.00","1.00"
"5/12/2019 6:05:55 AM","0.00","1.00","1.00"
"5/12/2019 6:00:08 AM","0.00","1.00","0.00"
"4/12/2019 11:11:34 PM","0.00","0.00","0.00"
"4/12/2019 11:11:28 PM","0.00","0.00","1.00"
"4/12/2019 10:40:14 PM","0.00","1.00","1.00"
"4/12/2019 10:17:54 PM","1.00","1.00","1.00"
"4/12/2019 10:12:08 PM","1.00","1.00","0.00"
"4/12/2019 10:06:02 PM","1.00","0.00","0.00"
"4/12/2019 8:10:18 PM","0.00","0.00","0.00"
"4/12/2019 7:39:12 PM","0.00","1.00","1.00"
"4/12/2019 7:34:08 PM","1.00","1.00","1.00"
"4/12/2019 7:22:09 PM","0.00","1.00","1.00"
"4/12/2019 7:14:39 PM","1.00","1.00","1.00"
"4/12/2019 7:12:28 PM","0.00","1.00","1.00"
"4/12/2019 7:11:29 PM","0.00","1.00","0.00"
"4/12/2019 7:03:35 PM","0.00","1.00","1.00"
"4/12/2019 6:59:41 PM","0.00","1.00","0.00"
"4/12/2019 6:52:28 PM","1.00","1.00","0.00"
"4/12/2019 6:46:25 PM","1.00","0.00","0.00"
"4/12/2019 6:42:41 PM","0.00","0.00","0.00"
"4/12/2019 6:42:38 PM","0.00","0.00","1.00"
"4/12/2019 6:33:06 PM","0.00","1.00","1.00"
"4/12/2019 6:31:29 PM","0.00","1.00","0.00"
"4/12/2019 6:29:10 PM","0.00","1.00","1.00"
"4/12/2019 6:12:28 PM","0.00","1.00","0.00"
"4/12/2019 6:11:29 PM","0.00","0.00","0.00"
"4/12/2019 6:06:22 PM","1.00","0.00","0.00"
"4/12/2019 6:00:09 PM","0.00","0.00","0.00"
"4/12/2019 6:00:08 PM","0.00","0.00","1.00"
"4/12/2019 5:09:56 PM","0.00","1.00","1.00"
"4/12/2019 5:01:43 PM","1.00","1.00","1.00"
"4/12/2019 5:00:07 PM","0.00","1.00","1.00"
"4/12/2019 4:53:39 PM","1.00","1.00","1.00"
"4/12/2019 4:53:36 PM","1.00","1.00","0.00"
"4/12/2019 4:23:22 PM","1.00","1.00","1.00"
"4/12/2019 4:18:49 PM","0.00","1.00","1.00"
"4/12/2019 4:13:25 PM","1.00","1.00","1.00"
"4/12/2019 3:55:51 PM","0.00","1.00","1.00"
"4/12/2019 3:50:39 PM","1.00","1.00","1.00"
"4/12/2019 3:46:53 PM","0.00","1.00","1.00"
"4/12/2019 3:46:49 PM","0.00","1.00","0.00"
"4/12/2019 3:35:24 PM","0.00","1.00","1.00"
"4/12/2019 3:14:18 PM","1.00","1.00","1.00"
"4/12/2019 1:23:47 PM","0.00","1.00","1.00"
"4/12/2019 1:17:41 PM","1.00","1.00","1.00"
"4/12/2019 12:43:55 PM","0.00","1.00","1.00"
"4/12/2019 12:43:22 PM","0.00","1.00","0.00"
"4/12/2019 12:33:46 PM","0.00","1.00","1.00"
"4/12/2019 12:27:45 PM","1.00","1.00","1.00"
"4/12/2019 8:04:30 AM","0.00","1.00","1.00"
"4/12/2019 7:59:21 AM","1.00","1.00","1.00"
"4/12/2019 6:32:04 AM","0.00","1.00","1.00"
"4/12/2019 6:12:40 AM","1.00","1.00","1.00"
"4/12/2019 6:02:28 AM","0.00","1.00","1.00"
"4/12/2019 6:00:08 AM","0.00","1.00","0.00"
"3/12/2019 10:38:34 PM","0.00","0.00","0.00"
"3/12/2019 10:38:28 PM","0.00","0.00","1.00"
"3/12/2019 10:07:19 PM","0.00","1.00","1.00"
"3/12/2019 6:09:03 PM","","1.00","1.00"
"3/12/2019 6:06:08 PM","","1.00","0.00"
"3/12/2019 6:00:10 PM","","0.00","0.00"
"3/12/2019 6:00:08 PM","","0.00","1.00"
"3/12/2019 2:01:30 PM","","1.00","1.00"
"3/12/2019 2:01:22 PM","","1.00","0.00"
"3/12/2019 11:51:44 AM","","1.00","1.00"
"3/12/2019 6:00:08 AM","","1.00","0.00"
"2/12/2019 9:45:10 PM","","0.00","0.00"
"2/12/2019 9:45:08 PM","","0.00","1.00"
"2/12/2019 9:34:25 PM","","1.00","1.00"
"2/12/2019 9:32:44 PM","","1.00","0.00"
"2/12/2019 9:08:27 PM","","1.00","1.00"
"2/12/2019 9:08:08 PM","","1.00","0.00"
"2/12/2019 9:05:19 PM","","1.00","1.00"
"2/12/2019 8:55:48 PM","","1.00","0.00"
"2/12/2019 8:41:34 PM","","0.00","0.00"
"2/12/2019 8:41:28 PM","","0.00","1.00"
"2/12/2019 7:51:50 PM","","1.00","1.00"
"2/12/2019 6:17:38 PM","","1.00","0.00"
"2/12/2019 6:00:11 PM","","0.00","0.00"
"2/12/2019 6:00:08 PM","","0.00","1.00"
"2/12/2019 8:47:16 AM","","1.00","1.00"
"2/12/2019 8:15:39 AM","","1.00","0.00"
"2/12/2019 6:01:14 AM","","1.00","1.00"
"2/12/2019 6:00:08 AM","","1.00","0.00"
"30/11/2019 4:05:52 PM","","0.00","0.00"
"30/11/2019 4:05:48 PM","","0.00","1.00"
"30/11/2019 3:45:05 PM","","1.00","1.00"
"30/11/2019 2:02:48 PM","","1.00","0.00"
"30/11/2019 12:35:59 AM","","0.00","0.00"
"30/11/2019 12:35:58 AM","","0.00","1.00"
"29/11/2019 6:57:41 PM","","1.00","1.00"
"29/11/2019 6:54:58 PM","","1.00","0.00"
"29/11/2019 6:00:08 PM","","0.00","0.00"
"29/11/2019 8:04:31 AM","","1.00","1.00"
"29/11/2019 8:00:10 AM","","1.00","0.00"
"29/11/2019 5:52:00 AM","","1.00","1.00"
"29/11/2019 5:48:48 AM","","1.00","0.00"
"28/11/2019 6:00:09 PM","","0.00","0.00"
"28/11/2019 6:00:08 PM","","0.00","1.00"
"28/11/2019 5:59:19 AM","","1.00","1.00"
"28/11/2019 5:56:28 AM","","1.00","0.00"
"27/11/2019 7:10:29 PM","","0.00","0.00"
"27/11/2019 7:10:28 PM","","0.00","1.00"
"27/11/2019 6:35:43 PM","","1.00","1.00"
"27/11/2019 6:27:58 PM","","1.00","0.00"
"27/11/2019 6:00:08 PM","","0.00","0.00"
"27/11/2019 3:33:42 PM","","1.00","1.00"
"27/11/2019 3:24:52 PM","","1.00","0.00"
"27/11/2019 2:28:05 PM","","1.00","1.00"
"27/11/2019 2:27:40 PM","","1.00","0.00"
"27/11/2019 2:11:08 PM","","1.00","1.00"
"27/11/2019 2:10:08 PM","","1.00","0.00"
"27/11/2019 9:52:35 AM","","1.00","1.00"
"27/11/2019 9:51:24 AM","","1.00","0.00"
"27/11/2019 9:06:49 AM","","1.00","1.00"
"27/11/2019 9:04:59 AM","","1.00","0.00"
"27/11/2019 5:52:37 AM","","1.00","1.00"
"27/11/2019 5:47:48 AM","","1.00","0.00"
"26/11/2019 7:08:29 PM","","0.00","0.00"
"26/11/2019 7:08:28 PM","","0.00","1.00"
"26/11/2019 6:17:31 PM","","1.00","1.00"
"26/11/2019 6:06:08 PM","","1.00","0.00"
"26/11/2019 6:00:08 PM","","0.00","0.00"
"26/11/2019 2:36:29 PM","","1.00","0.00"
"26/11/2019 8:26:40 AM","","1.00","1.00"
"26/11/2019 8:26:28 AM","","1.00","0.00"
"26/11/2019 7:01:11 AM","","1.00","1.00"
"26/11/2019 6:05:27 AM","","1.00","1.00"
"26/11/2019 6:00:08 AM","","1.00","0.00"
"25/11/2019 10:29:38 PM","","0.00","0.00"
"25/11/2019 7:35:42 PM","","1.00","1.00"
"25/11/2019 6:44:10 PM","","1.00","1.00"
"25/11/2019 6:32:18 PM","","1.00","0.00"
"25/11/2019 6:00:08 PM","","0.00","0.00"
"25/11/2019 4:55:40 PM","","1.00","1.00"
"25/11/2019 4:55:39 PM","","1.00","0.00"
"25/11/2019 11:00:11 AM","","1.00","1.00"
"25/11/2019 10:56:09 AM","","1.00","1.00"
"25/11/2019 6:00:08 AM","","1.00","0.00"
"25/11/2019 12:00:08 AM","","0.00","0.00"
"24/11/2019 7:04:29 PM","","1.00","1.00"
"24/11/2019 6:54:50 PM","","1.00","0.00"
"24/11/2019 6:51:56 PM","","1.00","1.00"
"24/11/2019 10:43:18 AM","","1.00","0.00"
"22/11/2019 6:42:29 PM","","0.00","0.00"
"22/11/2019 6:42:28 PM","","0.00","1.00"
"22/11/2019 6:07:16 PM","","1.00","1.00"
"22/11/2019 6:06:08 PM","","1.00","0.00"
"22/11/2019 6:00:10 PM","","0.00","0.00"
"22/11/2019 6:00:08 PM","","0.00","1.00"
"22/11/2019 5:55:28 AM","","1.00","1.00"
"22/11/2019 5:53:18 AM","","1.00","0.00"
"21/11/2019 10:23:37 PM","","0.00","0.00"
"21/11/2019 6:20:54 PM","","1.00","1.00"
"21/11/2019 6:06:07 PM","","1.00","0.00"
"21/11/2019 6:00:08 PM","","0.00","0.00"
"21/11/2019 6:00:07 PM","","0.00","1.00"
"21/11/2019 6:00:28 AM","","1.00","1.00"
"21/11/2019 5:54:17 AM","","1.00","0.00"
"20/11/2019 7:06:26 PM","","0.00","0.00"
"20/11/2019 7:06:17 PM","","0.00","1.00"
"20/11/2019 6:08:21 PM","","1.00","1.00"
"20/11/2019 6:06:07 PM","","1.00","0.00"
"20/11/2019 6:00:13 PM","","0.00","0.00"
"20/11/2019 6:00:07 PM","","0.00","1.00"
"20/11/2019 4:17:18 PM","","1.00","1.00"
"20/11/2019 1:16:54 PM","","1.00","1.00"
"20/11/2019 1:16:50 PM","","1.00","0.00"
"20/11/2019 6:00:35 AM","","1.00","1.00"
"20/11/2019 6:00:07 AM","","1.00","0.00"
"19/11/2019 11:34:08 PM","","0.00","0.00"
"19/11/2019 11:34:07 PM","","0.00","1.00"
"19/11/2019 6:09:26 PM","","1.00","1.00"
"19/11/2019 6:06:07 PM","","1.00","0.00"
"19/11/2019 6:00:09 PM","","0.00","0.00"
"19/11/2019 6:00:07 PM","","0.00","1.00"
"19/11/2019 6:13:21 AM","","1.00","1.00"
"19/11/2019 6:00:07 AM","","1.00","0.00"
"19/11/2019 12:15:28 AM","","0.00","0.00"
"19/11/2019 12:15:27 AM","","0.00","1.00"
"18/11/2019 6:07:53 PM","","1.00","1.00"
"18/11/2019 6:06:07 PM","","1.00","0.00"
"18/11/2019 6:00:11 PM","","0.00","0.00"
"18/11/2019 6:00:07 PM","","0.00","1.00"
"18/11/2019 7:33:40 AM","","1.00","1.00"
"18/11/2019 6:00:07 AM","","1.00","0.00"
"17/11/2019 9:30:31 PM","","0.00","0.00"
"17/11/2019 9:30:27 PM","","0.00","1.00"
"17/11/2019 1:16:59 PM","","1.00","1.00"
"17/11/2019 1:15:57 PM","","1.00","0.00"
"16/11/2019 9:00:54 PM","","0.00","0.00"
"16/11/2019 9:00:47 PM","","0.00","1.00"
"16/11/2019 8:31:20 PM","","1.00","1.00"
"16/11/2019 8:30:37 PM","","1.00","0.00"
"16/11/2019 12:17:42 AM","","0.00","0.00"
"16/11/2019 12:17:37 AM","","0.00","1.00"
"15/11/2019 6:11:03 PM","","1.00","1.00"
"15/11/2019 6:06:07 PM","","1.00","0.00"
"15/11/2019 6:00:08 PM","","0.00","0.00"
"15/11/2019 6:00:07 PM","","0.00","1.00"
"15/11/2019 6:13:00 AM","","1.00","1.00"
"15/11/2019 6:00:07 AM","","1.00","0.00"
"14/11/2019 9:50:55 PM","","0.00","0.00"
"14/11/2019 9:50:47 PM","","0.00","1.00"
"14/11/2019 7:51:53 PM","","1.00","1.00"
"14/11/2019 7:51:07 PM","","1.00","0.00"
"14/11/2019 6:00:08 PM","","0.00","0.00"
"14/11/2019 6:00:07 PM","","0.00","1.00"
"14/11/2019 7:49:49 AM","","1.00","1.00"
"14/11/2019 6:00:07 AM","","1.00","0.00"
"14/11/2019 12:53:27 AM","","0.00","0.00"
"13/11/2019 11:36:39 PM","","1.00","1.00"
"13/11/2019 11:34:04 PM","","1.00","0.00"
"13/11/2019 8:58:47 PM","","1.00","1.00"
"13/11/2019 8:58:45 PM","","1.00","0.00"
"13/11/2019 8:02:56 PM","","1.00","1.00"
"13/11/2019 8:02:55 PM","","1.00","0.00"
"13/11/2019 7:31:50 PM","","1.00","1.00"
"13/11/2019 7:26:37 PM","","1.00","0.00"
"13/11/2019 7:05:18 PM","","0.00","0.00"
"13/11/2019 7:05:17 PM","","0.00","1.00"
"13/11/2019 6:23:03 PM","","1.00","1.00"
"13/11/2019 6:18:07 PM","","1.00","0.00"
"13/11/2019 6:00:08 PM","","0.00","0.00"
"13/11/2019 6:00:07 PM","","0.00","1.00"
"13/11/2019 2:23:29 PM","","1.00","1.00"
"13/11/2019 7:59:06 AM","","1.00","1.00"
"13/11/2019 6:00:07 AM","","1.00","0.00"
"13/11/2019 12:26:20 AM","","0.00","0.00"
"13/11/2019 12:26:17 AM","","0.00","1.00"
"12/11/2019 7:20:31 PM","","1.00","1.00"
"12/11/2019 7:18:29 PM","","1.00","0.00"
"12/11/2019 6:10:30 PM","","1.00","1.00"
"12/11/2019 6:06:07 PM","","1.00","0.00"
"12/11/2019 6:00:08 PM","","0.00","0.00"
"12/11/2019 6:00:07 PM","","0.00","1.00"
"12/11/2019 6:04:56 AM","","1.00","1.00"
"12/11/2019 6:00:07 AM","","1.00","0.00"
"11/11/2019 11:44:59 PM","","0.00","0.00"
"11/11/2019 11:44:57 PM","","0.00","1.00"
"11/11/2019 6:22:39 PM","","1.00","1.00"
"11/11/2019 6:06:07 PM","","1.00","0.00"
"11/11/2019 6:00:08 PM","","0.00","0.00"
"11/11/2019 6:00:07 PM","","0.00","1.00"
"11/11/2019 9:50:37 AM","","1.00","1.00"
"11/11/2019 6:00:07 AM","","1.00","0.00"
"9/11/2019 12:48:51 AM","","0.00","0.00"
"9/11/2019 12:48:47 AM","","0.00","1.00"
"8/11/2019 6:56:20 PM","","1.00","1.00"
"8/11/2019 6:06:07 PM","","1.00","0.00"
"8/11/2019 6:00:15 PM","","0.00","0.00"
"8/11/2019 6:00:07 PM","","0.00","1.00"
"8/11/2019 6:44:04 AM","","1.00","1.00"
"8/11/2019 6:00:07 AM","","1.00","0.00"
"8/11/2019 1:06:52 AM","","0.00","0.00"
"8/11/2019 1:06:47 AM","","0.00","1.00"
"7/11/2019 6:43:01 PM","","1.00","1.00"
"7/11/2019 6:06:07 PM","","1.00","0.00"
"7/11/2019 6:00:08 PM","","0.00","0.00"
"7/11/2019 6:00:07 PM","","0.00","1.00"
"7/11/2019 2:23:04 PM","","1.00","1.00"
"7/11/2019 2:22:08 PM","","1.00","0.00"
"7/11/2019 7:09:59 AM","","1.00","1.00"
"7/11/2019 6:00:07 AM","","1.00","0.00"
"7/11/2019 2:54:47 AM","","0.00","0.00"
"6/11/2019 6:14:30 PM","","1.00","1.00"
"6/11/2019 6:06:07 PM","","1.00","0.00"
"6/11/2019 6:00:09 PM","","0.00","0.00"
"6/11/2019 6:00:07 PM","","0.00","1.00"
"6/11/2019 5:45:19 PM","","1.00","1.00"
"6/11/2019 5:43:09 PM","","1.00","1.00"
"6/11/2019 5:38:34 PM","","1.00","0.00"
"6/11/2019 8:11:10 AM","","1.00","1.00"
"6/11/2019 6:00:07 AM","","1.00","0.00"
"6/11/2019 12:08:39 AM","","0.00","0.00"
"6/11/2019 12:08:37 AM","","0.00","1.00"
"5/11/2019 6:06:57 PM","","1.00","1.00"
"5/11/2019 6:06:07 PM","","1.00","0.00"
"5/11/2019 6:00:08 PM","","0.00","0.00"
"5/11/2019 6:00:07 PM","","0.00","1.00"
"5/11/2019 8:20:26 AM","","1.00","1.00"
"5/11/2019 6:00:07 AM","","1.00","0.00"
"5/11/2019 12:46:20 AM","","0.00","0.00"
"5/11/2019 12:46:17 AM","","0.00","1.00"
"5/11/2019 12:33:37 AM","","1.00","1.00"
"5/11/2019 12:16:17 AM","","1.00","0.00"
"4/11/2019 11:44:28 PM","","0.00","0.00"
"4/11/2019 11:44:27 PM","","0.00","1.00"
"4/11/2019 6:15:52 PM","","1.00","1.00"
"4/11/2019 6:06:07 PM","","1.00","0.00"
"4/11/2019 6:00:08 PM","","0.00","0.00"
"4/11/2019 6:00:07 PM","","0.00","1.00"
"4/11/2019 6:05:51 AM","","1.00","1.00"
"4/11/2019 6:00:07 AM","","1.00","0.00"
"2/11/2019 9:29:52 PM","","0.00","0.00"
"2/11/2019 9:29:47 PM","","0.00","1.00"
"2/11/2019 11:03:37 AM","","1.00","1.00"
"2/11/2019 11:02:57 AM","","1.00","0.00"
"2/11/2019 3:00:24 AM","","0.00","0.00"
"2/11/2019 3:00:17 AM","","0.00","1.00"
"2/11/2019 1:39:34 AM","","1.00","1.00"
"2/11/2019 1:37:15 AM","","1.00","0.00"
"1/11/2019 7:06:51 PM","","1.00","1.00"
"1/11/2019 6:06:07 PM","","1.00","0.00"
"1/11/2019 6:00:08 PM","","0.00","0.00"
"1/11/2019 6:00:07 PM","","0.00","1.00"
"1/11/2019 6:00:27 AM","","1.00","1.00"
"1/11/2019 6:00:07 AM","","1.00","0.00"
"1/11/2019 12:56:43 AM","","0.00","0.00"
"1/11/2019 12:56:37 AM","","0.00","1.00"
"31/10/2019 6:12:02 PM","","1.00","1.00"
"31/10/2019 6:06:07 PM","","1.00","0.00"
"31/10/2019 6:00:09 PM","","0.00","0.00"
"31/10/2019 6:00:07 PM","","0.00","1.00"
"31/10/2019 6:01:19 AM","","1.00","1.00"
"31/10/2019 6:00:07 AM","","1.00","0.00"
"31/10/2019 1:04:48 AM","","0.00","0.00"
"31/10/2019 1:04:47 AM","","0.00","1.00"
"30/10/2019 9:01:15 PM","","1.00","1.00"
"30/10/2019 9:01:12 PM","","1.00","0.00"
"30/10/2019 6:11:50 PM","","1.00","1.00"
"30/10/2019 6:06:07 PM","","1.00","0.00"
"30/10/2019 6:00:09 PM","","0.00","0.00"
"30/10/2019 6:00:07 PM","","0.00","1.00"
"30/10/2019 6:00:45 AM","","1.00","1.00"
"30/10/2019 6:00:07 AM","","1.00","0.00"
"29/10/2019 11:23:27 PM","","0.00","0.00"
"29/10/2019 6:12:37 PM","","1.00","1.00"
"29/10/2019 6:06:07 PM","","1.00","0.00"
"29/10/2019 6:00:08 PM","","0.00","0.00"
"29/10/2019 6:00:07 PM","","0.00","1.00"
"29/10/2019 6:00:57 AM","","1.00","1.00"
"29/10/2019 6:00:07 AM","","1.00","0.00"
"29/10/2019 1:55:07 AM","","0.00","0.00"
"29/10/2019 1:25:38 AM","","1.00","1.00"
"29/10/2019 1:24:57 AM","","1.00","0.00"
"29/10/2019 12:36:17 AM","","0.00","0.00"
"28/10/2019 6:44:57 PM","","1.00","1.00"
"28/10/2019 6:44:34 PM","","1.00","0.00"
"28/10/2019 6:11:08 PM","","1.00","1.00"
"28/10/2019 6:06:07 PM","","1.00","0.00"
"28/10/2019 6:00:08 PM","","0.00","0.00"
"28/10/2019 6:00:07 PM","","0.00","1.00"
"28/10/2019 6:01:05 AM","","1.00","1.00"
"28/10/2019 6:00:07 AM","","1.00","0.00"
"26/10/2019 12:19:22 AM","","0.00","0.00"
"26/10/2019 12:19:17 AM","","0.00","1.00"
"25/10/2019 11:34:39 PM","","1.00","1.00"
"25/10/2019 6:07:53 PM","","1.00","1.00"
"25/10/2019 6:06:07 PM","","1.00","0.00"
"25/10/2019 6:00:08 PM","","0.00","0.00"
"25/10/2019 6:00:07 PM","","0.00","1.00"
"25/10/2019 6:02:46 AM","","1.00","1.00"
"25/10/2019 6:00:07 AM","","1.00","0.00"
"25/10/2019 12:04:15 AM","","0.00","0.00"
"25/10/2019 12:04:07 AM","","0.00","1.00"
"24/10/2019 6:09:40 PM","","1.00","1.00"
"24/10/2019 6:06:07 PM","","1.00","0.00"
"24/10/2019 6:00:08 PM","","0.00","0.00"
"24/10/2019 6:00:07 PM","","0.00","1.00"
"24/10/2019 1:33:20 PM","","1.00","1.00"
"24/10/2019 6:03:16 AM","","1.00","1.00"
"24/10/2019 6:00:07 AM","","1.00","0.00"
"24/10/2019 12:27:01 AM","","0.00","0.00"
"24/10/2019 12:26:57 AM","","0.00","1.00"
"23/10/2019 8:24:54 PM","","1.00","1.00"
"23/10/2019 8:21:17 PM","","1.00","0.00"
"23/10/2019 7:38:09 PM","","0.00","0.00"
"23/10/2019 7:38:07 PM","","0.00","1.00"
"23/10/2019 6:09:43 PM","","1.00","1.00"
"23/10/2019 6:06:07 PM","","1.00","0.00"
"23/10/2019 6:00:09 PM","","0.00","0.00"
"23/10/2019 6:00:07 PM","","0.00","1.00"
"23/10/2019 6:05:08 AM","","1.00","1.00"
"23/10/2019 6:00:07 AM","","1.00","0.00"
"22/10/2019 11:57:48 PM","","0.00","0.00"
"22/10/2019 11:57:47 PM","","0.00","1.00"
"22/10/2019 6:09:57 PM","","1.00","1.00"
"22/10/2019 6:06:07 PM","","1.00","0.00"
"22/10/2019 6:00:09 PM","","0.00","0.00"
"22/10/2019 6:00:07 PM","","0.00","1.00"
"22/10/2019 6:40:55 AM","","1.00","1.00"
"22/10/2019 6:00:07 AM","","1.00","0.00"
"22/10/2019 12:28:19 AM","","0.00","0.00"
"22/10/2019 12:28:17 AM","","0.00","1.00"
"21/10/2019 6:42:33 PM","","1.00","1.00"
"21/10/2019 6:39:17 PM","","1.00","0.00"
"21/10/2019 6:00:09 PM","","0.00","0.00"
"21/10/2019 6:00:07 PM","","0.00","1.00"
"21/10/2019 7:25:20 AM","","1.00","1.00"
"21/10/2019 6:00:07 AM","","1.00","0.00"
"18/10/2019 10:54:30 PM","","0.00","0.00"
"18/10/2019 10:54:27 PM","","0.00","1.00"
"18/10/2019 8:42:01 PM","","1.00","1.00"
"18/10/2019 8:42:00 PM","","1.00","0.00"
"18/10/2019 6:10:15 PM","","1.00","1.00"
"18/10/2019 6:06:07 PM","","1.00","0.00"
"18/10/2019 6:00:08 PM","","0.00","0.00"
"18/10/2019 6:00:07 PM","","0.00","1.00"
"18/10/2019 6:00:32 AM","","1.00","1.00"
"18/10/2019 6:00:07 AM","","1.00","0.00"
"18/10/2019 12:27:31 AM","","0.00","0.00"
"18/10/2019 12:27:27 AM","","0.00","1.00"
"18/10/2019 12:15:03 AM","","1.00","1.00"
"18/10/2019 12:14:56 AM","","1.00","0.00"
"17/10/2019 6:13:31 PM","","1.00","1.00"
"17/10/2019 6:06:07 PM","","1.00","0.00"
"17/10/2019 6:00:09 PM","","0.00","0.00"
"17/10/2019 6:00:07 PM","","0.00","1.00"
"17/10/2019 8:02:10 AM","","1.00","1.00"
"17/10/2019 6:00:07 AM","","1.00","0.00"
"16/10/2019 11:34:03 PM","","0.00","0.00"
"16/10/2019 11:33:57 PM","","0.00","1.00"
"16/10/2019 10:26:47 PM","","1.00","1.00"
"16/10/2019 10:23:57 PM","","1.00","0.00"
"16/10/2019 9:51:48 PM","","0.00","0.00"
"16/10/2019 9:51:47 PM","","0.00","1.00"
"16/10/2019 6:15:38 PM","","1.00","1.00"
"16/10/2019 6:06:07 PM","","1.00","0.00"
"16/10/2019 6:00:08 PM","","0.00","0.00"
"16/10/2019 6:00:07 PM","","0.00","1.00"
"16/10/2019 6:04:30 AM","","1.00","1.00"
"16/10/2019 6:00:07 AM","","1.00","0.00"
"16/10/2019 12:09:15 AM","","0.00","0.00"
"16/10/2019 12:09:07 AM","","0.00","1.00"
"15/10/2019 9:47:44 PM","","1.00","1.00"
"15/10/2019 9:46:47 PM","","1.00","0.00"
"15/10/2019 9:31:48 PM","","0.00","0.00"
"15/10/2019 9:31:47 PM","","0.00","1.00"
"15/10/2019 7:04:17 PM","","1.00","1.00"
"15/10/2019 7:04:09 PM","","1.00","0.00"
"15/10/2019 6:16:28 PM","","1.00","1.00"
"15/10/2019 6:06:07 PM","","1.00","0.00"
"15/10/2019 6:00:08 PM","","0.00","0.00"
"15/10/2019 6:00:07 PM","","0.00","1.00"
"15/10/2019 6:01:20 AM","","1.00","1.00"
"15/10/2019 6:00:07 AM","","1.00","0.00"
"15/10/2019 12:28:00 AM","","0.00","0.00"
"15/10/2019 12:27:57 AM","","0.00","1.00"
"14/10/2019 6:58:52 PM","","1.00","1.00"
"14/10/2019 6:40:57 PM","","1.00","0.00"
"14/10/2019 6:00:08 PM","","0.00","0.00"
"14/10/2019 6:00:07 PM","","0.00","1.00"
"14/10/2019 12:19:32 PM","","1.00","1.00"
"14/10/2019 12:19:20 PM","","1.00","0.00"
"14/10/2019 6:00:56 AM","","1.00","1.00"
"14/10/2019 6:00:07 AM","","1.00","0.00"
"11/10/2019 11:08:29 PM","","0.00","0.00"
"11/10/2019 11:08:27 PM","","0.00","1.00"
"11/10/2019 8:47:59 PM","","1.00","1.00"
"11/10/2019 8:46:57 PM","","1.00","0.00"
"11/10/2019 8:32:58 PM","","0.00","0.00"
"11/10/2019 8:32:57 PM","","0.00","1.00"
"11/10/2019 6:13:30 PM","","1.00","1.00"
"11/10/2019 6:06:07 PM","","1.00","0.00"
"11/10/2019 6:00:08 PM","","0.00","0.00"
"11/10/2019 6:00:07 PM","","0.00","1.00"
"11/10/2019 5:08:39 PM","","1.00","1.00"
"11/10/2019 6:01:33 AM","","1.00","1.00"
"11/10/2019 6:00:07 AM","","1.00","0.00"
"10/10/2019 11:48:52 PM","","0.00","0.00"
"10/10/2019 11:48:47 PM","","0.00","1.00"
"10/10/2019 9:06:54 PM","","1.00","1.00"
"10/10/2019 9:06:07 PM","","1.00","0.00"
"10/10/2019 8:23:02 PM","","0.00","0.00"
"10/10/2019 8:22:57 PM","","0.00","1.00"
"10/10/2019 6:10:53 PM","","1.00","1.00"
"10/10/2019 6:06:07 PM","","1.00","0.00"
"10/10/2019 6:00:08 PM","","0.00","0.00"
"10/10/2019 6:00:07 PM","","0.00","1.00"
"10/10/2019 6:57:31 AM","","1.00","1.00"
"10/10/2019 6:00:07 AM","","1.00","0.00"
"9/10/2019 11:13:29 PM","","0.00","0.00"
"9/10/2019 11:13:27 PM","","0.00","1.00"
"9/10/2019 10:45:45 PM","","1.00","1.00"
"9/10/2019 10:40:27 PM","","1.00","0.00"
"9/10/2019 10:29:37 PM","","0.00","0.00"
"9/10/2019 6:10:13 PM","","1.00","1.00"
"9/10/2019 6:06:07 PM","","1.00","0.00"
"9/10/2019 6:00:08 PM","","0.00","0.00"
"9/10/2019 6:00:07 PM","","0.00","1.00"
"9/10/2019 6:38:40 AM","","1.00","1.00"
"9/10/2019 6:00:07 AM","","1.00","0.00"
"8/10/2019 11:39:50 PM","","0.00","0.00"
"8/10/2019 11:39:47 PM","","0.00","1.00"
"8/10/2019 6:10:31 PM","","1.00","1.00"
"8/10/2019 6:06:07 PM","","1.00","0.00"
"8/10/2019 6:00:08 PM","","0.00","0.00"
"8/10/2019 6:00:07 PM","","0.00","1.00"
"8/10/2019 8:07:16 AM","","1.00","1.00"
"8/10/2019 6:00:07 AM","","1.00","0.00"
"8/10/2019 12:47:28 AM","","0.00","0.00"
"8/10/2019 12:47:27 AM","","0.00","1.00"
"7/10/2019 6:30:51 PM","","1.00","1.00"
"7/10/2019 6:07:57 PM","","1.00","0.00"
"7/10/2019 6:00:08 PM","","0.00","0.00"
"7/10/2019 6:00:07 PM","","0.00","1.00"
"7/10/2019 6:02:48 AM","","1.00","1.00"
"7/10/2019 6:00:07 AM","","1.00","0.00"
"5/10/2019 1:10:27 PM","","0.00","0.00"
"5/10/2019 12:40:27 PM","","1.00","0.00"
"5/10/2019 12:48:38 AM","","0.00","0.00"
"5/10/2019 12:48:37 AM","","0.00","1.00"
"5/10/2019 12:19:35 AM","","1.00","1.00"
"5/10/2019 12:18:27 AM","","1.00","0.00"
"5/10/2019 12:08:05 AM","","0.00","0.00"
"5/10/2019 12:07:57 AM","","0.00","1.00"
"4/10/2019 10:01:11 PM","","1.00","1.00"
"4/10/2019 10:00:17 PM","","1.00","0.00"
"4/10/2019 9:16:31 PM","","0.00","0.00"
"4/10/2019 9:16:27 PM","","0.00","1.00"
"4/10/2019 6:06:59 PM","","1.00","1.00"
"4/10/2019 6:06:07 PM","","1.00","0.00"
"4/10/2019 6:00:12 PM","","0.00","0.00"
"4/10/2019 6:00:07 PM","","0.00","1.00"
"4/10/2019 6:42:47 AM","","1.00","1.00"
"4/10/2019 6:00:07 AM","","1.00","0.00"
"3/10/2019 11:00:14 PM","","0.00","0.00"
"3/10/2019 11:00:07 PM","","0.00","1.00"
"3/10/2019 9:50:56 PM","","1.00","1.00"
"3/10/2019 9:50:17 PM","","1.00","0.00"
"3/10/2019 9:16:08 PM","","0.00","0.00"
