"Timestamp","FCU-00-13   PIR Log","FCU-00-13   Enable Log","FCU-00-13  Status Log"
"24/03/2020 11:16:06 AM","0.00","0.00","0.00"
"24/03/2020 11:16:02 AM","0.00","0.00","1.00"
"24/03/2020 10:50:21 AM","0.00","1.00","1.00"
"24/03/2020 10:50:02 AM","0.00","1.00","1.00"
"24/03/2020 10:36:06 AM","0.00","1.00","1.00"
"24/03/2020 10:36:05 AM","0.00","1.00","0.00"
"24/03/2020 10:34:55 AM","0.00","1.00","1.00"
"24/03/2020 10:33:49 AM","0.00","1.00","1.00"
"24/03/2020 10:32:44 AM","0.00","1.00","1.00"
"24/03/2020 10:32:43 AM","0.00","1.00","0.00"
"24/03/2020 10:31:59 AM","0.00","1.00","1.00"
"24/03/2020 10:29:49 AM","0.00","1.00","1.00"
"24/03/2020 10:28:27 AM","0.00","1.00","1.00"
"24/03/2020 10:27:27 AM","0.00","1.00","1.00"
"24/03/2020 10:27:26 AM","0.00","1.00","0.00"
"24/03/2020 10:27:19 AM","0.00","1.00","1.00"
"24/03/2020 10:27:18 AM","0.00","1.00","0.00"
"24/03/2020 10:27:00 AM","0.00","1.00","1.00"
"24/03/2020 10:24:27 AM","0.00","1.00","1.00"
"24/03/2020 10:23:13 AM","0.00","1.00","1.00"
"24/03/2020 7:38:05 AM","0.00","1.00","1.00"
"24/03/2020 7:32:53 AM","0.00","1.00","1.00"
"24/03/2020 7:32:33 AM","0.00","1.00","1.00"
"24/03/2020 7:32:16 AM","0.00","1.00","1.00"
"24/03/2020 7:31:10 AM","0.00","1.00","1.00"
"24/03/2020 7:30:17 AM","0.00","1.00","1.00"
"24/03/2020 7:28:23 AM","0.00","1.00","1.00"
"24/03/2020 7:26:29 AM","0.00","1.00","1.00"
"24/03/2020 7:26:06 AM","0.00","1.00","1.00"
"24/03/2020 7:08:20 AM","0.00","1.00","1.00"
"24/03/2020 7:03:54 AM","0.00","1.00","1.00"
"24/03/2020 7:03:51 AM","0.00","1.00","1.00"
"24/03/2020 7:02:52 AM","0.00","1.00","1.00"
"24/03/2020 7:02:51 AM","0.00","1.00","0.00"
"24/03/2020 7:01:26 AM","0.00","1.00","1.00"
"24/03/2020 7:01:25 AM","0.00","1.00","1.00"
"24/03/2020 7:01:24 AM","0.00","1.00","0.00"
"24/03/2020 7:01:06 AM","0.00","1.00","1.00"
"24/03/2020 7:00:46 AM","0.00","1.00","1.00"
"24/03/2020 7:00:40 AM","0.00","1.00","1.00"
"24/03/2020 7:00:39 AM","0.00","1.00","0.00"
"24/03/2020 7:00:38 AM","0.00","1.00","1.00"
"24/03/2020 7:00:20 AM","0.00","1.00","1.00"
"24/03/2020 6:59:34 AM","0.00","1.00","1.00"
"24/03/2020 6:56:52 AM","0.00","1.00","1.00"
"24/03/2020 6:56:23 AM","0.00","1.00","1.00"
"24/03/2020 6:56:22 AM","0.00","1.00","0.00"
"24/03/2020 6:53:39 AM","0.00","1.00","1.00"
"24/03/2020 6:53:25 AM","0.00","1.00","1.00"
"24/03/2020 6:53:24 AM","0.00","1.00","0.00"
"24/03/2020 6:53:07 AM","0.00","1.00","1.00"
"24/03/2020 6:52:59 AM","0.00","1.00","1.00"
"24/03/2020 6:52:56 AM","0.00","1.00","1.00"
"24/03/2020 6:52:51 AM","0.00","1.00","1.00"
"24/03/2020 6:52:34 AM","0.00","1.00","1.00"
"24/03/2020 6:52:33 AM","0.00","1.00","0.00"
"24/03/2020 6:52:03 AM","0.00","1.00","1.00"
"24/03/2020 6:52:01 AM","0.00","1.00","0.00"
"24/03/2020 6:51:49 AM","0.00","1.00","1.00"
"24/03/2020 6:51:29 AM","0.00","1.00","1.00"
"24/03/2020 6:51:25 AM","0.00","1.00","1.00"
"24/03/2020 6:51:24 AM","0.00","1.00","0.00"
"24/03/2020 6:47:55 AM","0.00","1.00","1.00"
"24/03/2020 6:47:54 AM","0.00","1.00","0.00"
"24/03/2020 6:47:52 AM","0.00","1.00","1.00"
"24/03/2020 6:47:46 AM","0.00","1.00","1.00"
"24/03/2020 6:47:43 AM","0.00","1.00","1.00"
"24/03/2020 6:47:01 AM","0.00","1.00","1.00"
"24/03/2020 6:47:00 AM","0.00","1.00","0.00"
"24/03/2020 6:46:49 AM","0.00","1.00","1.00"
"24/03/2020 6:45:12 AM","0.00","1.00","1.00"
"24/03/2020 6:45:10 AM","0.00","1.00","0.00"
"24/03/2020 6:45:02 AM","0.00","1.00","1.00"
"24/03/2020 6:45:01 AM","0.00","1.00","0.00"
"24/03/2020 6:44:55 AM","0.00","1.00","1.00"
"24/03/2020 6:44:11 AM","0.00","1.00","1.00"
"24/03/2020 6:44:10 AM","0.00","1.00","0.00"
"24/03/2020 6:44:06 AM","0.00","1.00","1.00"
"24/03/2020 6:43:28 AM","0.00","1.00","1.00"
"24/03/2020 6:43:09 AM","0.00","1.00","1.00"
"24/03/2020 6:32:40 AM","0.00","1.00","1.00"
"24/03/2020 6:28:46 AM","0.00","1.00","1.00"
"24/03/2020 6:28:45 AM","0.00","1.00","0.00"
"24/03/2020 6:23:52 AM","0.00","1.00","1.00"
"24/03/2020 6:20:45 AM","0.00","1.00","1.00"
"24/03/2020 6:20:36 AM","0.00","1.00","1.00"
"24/03/2020 6:20:35 AM","0.00","1.00","0.00"
"24/03/2020 6:20:32 AM","0.00","1.00","1.00"
"24/03/2020 6:20:31 AM","0.00","1.00","0.00"
"24/03/2020 6:20:01 AM","0.00","1.00","1.00"
"24/03/2020 6:19:59 AM","0.00","1.00","0.00"
"24/03/2020 6:18:44 AM","0.00","1.00","1.00"
"24/03/2020 6:18:42 AM","0.00","1.00","1.00"
"24/03/2020 6:13:28 AM","0.00","1.00","1.00"
"24/03/2020 6:12:53 AM","0.00","1.00","1.00"
"24/03/2020 6:12:24 AM","0.00","1.00","1.00"
"24/03/2020 6:12:14 AM","0.00","1.00","1.00"
"24/03/2020 6:12:12 AM","0.00","1.00","0.00"
"24/03/2020 6:12:10 AM","0.00","1.00","1.00"
"24/03/2020 6:11:49 AM","0.00","1.00","1.00"
"24/03/2020 6:11:46 AM","0.00","1.00","0.00"
"24/03/2020 6:10:15 AM","0.00","1.00","1.00"
"24/03/2020 6:10:12 AM","0.00","1.00","1.00"
"24/03/2020 6:10:09 AM","0.00","1.00","0.00"
"24/03/2020 6:00:24 AM","0.00","1.00","1.00"
"24/03/2020 6:00:02 AM","0.00","1.00","0.00"
"23/03/2020 10:56:15 AM","0.00","0.00","0.00"
"23/03/2020 10:56:12 AM","0.00","0.00","1.00"
"23/03/2020 7:51:41 AM","0.00","1.00","1.00"
"23/03/2020 7:51:37 AM","0.00","1.00","1.00"
"23/03/2020 7:50:07 AM","0.00","1.00","1.00"
"23/03/2020 7:43:06 AM","0.00","1.00","1.00"
"23/03/2020 7:43:05 AM","0.00","1.00","0.00"
"23/03/2020 7:37:45 AM","0.00","1.00","1.00"
"23/03/2020 7:36:13 AM","0.00","1.00","1.00"
"23/03/2020 7:36:10 AM","0.00","1.00","1.00"
"23/03/2020 7:36:09 AM","0.00","1.00","0.00"
"23/03/2020 7:36:08 AM","0.00","1.00","1.00"
"23/03/2020 7:36:07 AM","0.00","1.00","1.00"
"23/03/2020 7:35:13 AM","0.00","1.00","1.00"
"23/03/2020 7:35:12 AM","0.00","1.00","0.00"
"23/03/2020 7:34:25 AM","0.00","1.00","1.00"
"23/03/2020 7:34:23 AM","0.00","1.00","0.00"
"23/03/2020 7:34:18 AM","0.00","1.00","1.00"
"23/03/2020 7:34:17 AM","0.00","1.00","1.00"
"23/03/2020 7:30:35 AM","0.00","1.00","1.00"
"23/03/2020 7:23:28 AM","0.00","1.00","1.00"
"23/03/2020 7:23:22 AM","0.00","1.00","1.00"
"23/03/2020 7:23:18 AM","0.00","1.00","1.00"
"23/03/2020 7:22:45 AM","0.00","1.00","1.00"
"23/03/2020 7:20:42 AM","0.00","1.00","1.00"
"23/03/2020 7:20:02 AM","0.00","1.00","0.00"
"23/03/2020 7:17:42 AM","0.00","0.00","0.00"
"23/03/2020 7:17:32 AM","0.00","1.00","0.00"
"16/03/2020 9:46:23 AM","0.00","0.00","0.00"
"16/03/2020 9:46:22 AM","0.00","0.00","1.00"
"16/03/2020 9:45:26 AM","0.00","1.00","1.00"
"16/03/2020 9:45:25 AM","0.00","1.00","0.00"
"16/03/2020 9:40:55 AM","0.00","1.00","1.00"
"16/03/2020 9:36:01 AM","0.00","1.00","1.00"
"16/03/2020 9:35:54 AM","0.00","1.00","1.00"
"16/03/2020 9:35:43 AM","0.00","1.00","1.00"
"16/03/2020 9:33:05 AM","0.00","1.00","1.00"
"16/03/2020 9:28:17 AM","0.00","1.00","1.00"
"16/03/2020 9:27:25 AM","0.00","1.00","1.00"
"16/03/2020 9:26:55 AM","0.00","1.00","1.00"
"16/03/2020 9:25:33 AM","0.00","1.00","1.00"
"16/03/2020 9:23:54 AM","0.00","1.00","1.00"
"16/03/2020 9:22:10 AM","0.00","1.00","1.00"
"16/03/2020 9:07:00 AM","0.00","1.00","1.00"
"16/03/2020 8:50:29 AM","0.00","1.00","1.00"
"16/03/2020 8:47:06 AM","0.00","1.00","1.00"
"16/03/2020 8:32:41 AM","0.00","1.00","1.00"
"16/03/2020 8:32:37 AM","0.00","1.00","1.00"
"16/03/2020 8:31:20 AM","0.00","1.00","1.00"
"16/03/2020 8:31:19 AM","0.00","1.00","0.00"
"16/03/2020 8:30:37 AM","0.00","1.00","1.00"
"16/03/2020 8:30:36 AM","0.00","1.00","0.00"
"16/03/2020 8:28:09 AM","0.00","1.00","1.00"
"16/03/2020 8:27:37 AM","0.00","1.00","1.00"
"16/03/2020 8:27:32 AM","0.00","1.00","1.00"
"16/03/2020 8:26:57 AM","0.00","1.00","1.00"
"16/03/2020 8:17:56 AM","0.00","1.00","1.00"
"16/03/2020 8:14:55 AM","0.00","1.00","1.00"
"16/03/2020 7:47:59 AM","0.00","1.00","1.00"
"16/03/2020 7:47:28 AM","0.00","1.00","1.00"
"16/03/2020 7:47:08 AM","0.00","1.00","1.00"
"16/03/2020 7:46:31 AM","0.00","1.00","1.00"
"16/03/2020 7:33:59 AM","0.00","1.00","1.00"
"16/03/2020 7:31:43 AM","0.00","1.00","1.00"
"16/03/2020 7:29:42 AM","0.00","1.00","1.00"
"16/03/2020 7:22:15 AM","0.00","1.00","1.00"
"16/03/2020 7:22:14 AM","0.00","1.00","0.00"
"16/03/2020 7:21:58 AM","0.00","1.00","1.00"
"16/03/2020 7:21:35 AM","0.00","1.00","1.00"
"16/03/2020 7:21:01 AM","0.00","1.00","1.00"
"16/03/2020 7:20:20 AM","0.00","1.00","1.00"
"16/03/2020 7:16:42 AM","0.00","1.00","1.00"
"16/03/2020 7:14:22 AM","0.00","1.00","1.00"
"16/03/2020 6:46:09 AM","0.00","1.00","1.00"
"16/03/2020 6:43:48 AM","0.00","1.00","1.00"
"16/03/2020 6:41:00 AM","0.00","1.00","1.00"
"16/03/2020 6:40:21 AM","0.00","1.00","1.00"
"16/03/2020 6:39:59 AM","0.00","1.00","1.00"
"16/03/2020 6:39:25 AM","0.00","1.00","1.00"
"16/03/2020 6:39:24 AM","0.00","1.00","0.00"
"16/03/2020 6:39:23 AM","0.00","1.00","0.00"
"16/03/2020 6:39:10 AM","0.00","1.00","1.00"
"16/03/2020 6:39:04 AM","0.00","1.00","1.00"
"16/03/2020 6:38:47 AM","0.00","1.00","1.00"
"16/03/2020 6:38:11 AM","0.00","1.00","1.00"
"16/03/2020 6:38:08 AM","0.00","1.00","1.00"
"16/03/2020 6:38:04 AM","0.00","1.00","1.00"
"16/03/2020 6:38:02 AM","0.00","1.00","1.00"
"16/03/2020 6:37:21 AM","0.00","1.00","1.00"
"16/03/2020 6:37:20 AM","0.00","1.00","0.00"
"16/03/2020 6:36:05 AM","0.00","1.00","1.00"
"16/03/2020 6:36:04 AM","0.00","1.00","1.00"
"16/03/2020 6:36:03 AM","0.00","1.00","0.00"
"16/03/2020 6:35:55 AM","0.00","1.00","1.00"
"16/03/2020 6:35:53 AM","0.00","1.00","1.00"
"16/03/2020 6:35:49 AM","0.00","1.00","0.00"
"16/03/2020 6:35:37 AM","0.00","1.00","1.00"
"16/03/2020 6:35:28 AM","0.00","1.00","1.00"
"16/03/2020 6:29:14 AM","0.00","1.00","1.00"
"16/03/2020 6:29:12 AM","0.00","1.00","1.00"
"16/03/2020 6:29:11 AM","0.00","1.00","0.00"
"16/03/2020 6:09:41 AM","0.00","1.00","1.00"
"16/03/2020 6:09:40 AM","0.00","1.00","0.00"
"16/03/2020 6:09:39 AM","0.00","1.00","0.00"
"16/03/2020 6:09:38 AM","0.00","1.00","1.00"
"16/03/2020 6:09:29 AM","0.00","1.00","1.00"
"16/03/2020 6:07:14 AM","0.00","1.00","1.00"
"16/03/2020 6:00:50 AM","0.00","1.00","1.00"
"16/03/2020 6:00:02 AM","0.00","1.00","0.00"
"10/03/2020 9:27:34 AM","0.00","0.00","0.00"
"10/03/2020 9:27:32 AM","0.00","0.00","1.00"
"10/03/2020 9:21:48 AM","0.00","1.00","1.00"
"10/03/2020 9:03:58 AM","0.00","1.00","1.00"
"10/03/2020 9:03:57 AM","0.00","1.00","0.00"
"10/03/2020 9:03:43 AM","0.00","1.00","1.00"
"10/03/2020 9:00:41 AM","0.00","1.00","1.00"
"10/03/2020 8:59:53 AM","0.00","1.00","1.00"
"10/03/2020 8:59:20 AM","0.00","1.00","0.00"
"10/03/2020 8:44:30 AM","0.00","1.00","1.00"
"10/03/2020 8:44:29 AM","0.00","1.00","0.00"
"10/03/2020 7:41:46 AM","0.00","1.00","1.00"
"10/03/2020 7:40:55 AM","0.00","1.00","1.00"
"10/03/2020 7:40:54 AM","0.00","1.00","0.00"
"10/03/2020 7:39:12 AM","0.00","1.00","1.00"
"10/03/2020 7:34:25 AM","0.00","1.00","1.00"
"10/03/2020 7:32:09 AM","0.00","1.00","1.00"
"10/03/2020 7:30:37 AM","0.00","1.00","1.00"
"10/03/2020 7:28:58 AM","0.00","1.00","1.00"
"10/03/2020 7:25:28 AM","0.00","1.00","1.00"
"10/03/2020 7:23:31 AM","0.00","1.00","1.00"
"10/03/2020 7:23:24 AM","0.00","1.00","1.00"
"10/03/2020 7:23:23 AM","0.00","1.00","0.00"
"10/03/2020 7:17:25 AM","0.00","1.00","1.00"
"10/03/2020 7:15:46 AM","0.00","1.00","1.00"
"10/03/2020 7:15:02 AM","0.00","1.00","1.00"
"10/03/2020 7:13:46 AM","0.00","1.00","1.00"
"10/03/2020 7:11:40 AM","0.00","1.00","1.00"
"10/03/2020 7:08:03 AM","0.00","1.00","1.00"
"10/03/2020 7:08:01 AM","0.00","1.00","0.00"
"10/03/2020 7:01:19 AM","0.00","1.00","1.00"
"10/03/2020 7:00:32 AM","0.00","1.00","0.00"
"10/03/2020 6:59:52 AM","0.00","0.00","0.00"
"10/03/2020 6:59:42 AM","0.00","1.00","0.00"
"10/03/2020 6:22:26 AM","0.00","0.00","0.00"
"10/03/2020 6:22:22 AM","0.00","0.00","1.00"
"10/03/2020 6:17:07 AM","0.00","1.00","1.00"
"10/03/2020 6:17:06 AM","0.00","1.00","0.00"
"10/03/2020 6:14:59 AM","0.00","1.00","1.00"
"10/03/2020 6:13:38 AM","0.00","1.00","1.00"
"10/03/2020 6:13:34 AM","0.00","1.00","1.00"
"10/03/2020 6:10:33 AM","0.00","1.00","1.00"
"10/03/2020 6:10:32 AM","0.00","1.00","0.00"
"10/03/2020 6:09:27 AM","0.00","1.00","1.00"
"10/03/2020 6:09:26 AM","0.00","1.00","0.00"
"10/03/2020 6:09:08 AM","0.00","1.00","1.00"
"10/03/2020 6:01:12 AM","0.00","1.00","1.00"
"10/03/2020 6:00:54 AM","0.00","1.00","1.00"
"10/03/2020 6:00:53 AM","0.00","1.00","0.00"
"10/03/2020 6:00:43 AM","0.00","1.00","1.00"
"10/03/2020 6:00:02 AM","0.00","1.00","0.00"
"9/03/2020 9:54:30 AM","0.00","0.00","0.00"
"9/03/2020 9:54:22 AM","0.00","0.00","1.00"
"9/03/2020 7:30:22 AM","0.00","1.00","1.00"
"9/03/2020 7:30:21 AM","0.00","1.00","0.00"
"9/03/2020 7:29:24 AM","0.00","1.00","1.00"
"9/03/2020 7:29:14 AM","0.00","1.00","1.00"
"9/03/2020 7:24:39 AM","0.00","1.00","1.00"
"9/03/2020 7:22:40 AM","0.00","1.00","1.00"
"9/03/2020 7:19:42 AM","0.00","1.00","1.00"
"9/03/2020 7:18:23 AM","0.00","1.00","1.00"
"9/03/2020 7:15:48 AM","0.00","1.00","1.00"
"9/03/2020 7:15:22 AM","0.00","1.00","0.00"
"9/03/2020 7:15:02 AM","0.00","0.00","0.00"
"9/03/2020 7:14:52 AM","0.00","1.00","0.00"
"9/03/2020 7:14:24 AM","0.00","0.00","0.00"
"9/03/2020 7:14:22 AM","0.00","0.00","1.00"
"9/03/2020 7:14:12 AM","0.00","1.00","1.00"
"9/03/2020 7:13:52 AM","0.00","1.00","0.00"
"9/03/2020 7:10:20 AM","0.00","0.00","0.00"
"9/03/2020 7:10:12 AM","0.00","0.00","1.00"
"9/03/2020 7:10:07 AM","0.00","1.00","1.00"
"9/03/2020 7:09:52 AM","0.00","1.00","0.00"
"9/03/2020 6:24:09 AM","0.00","0.00","0.00"
"9/03/2020 6:24:02 AM","0.00","0.00","1.00"
"9/03/2020 6:04:11 AM","0.00","1.00","1.00"
"9/03/2020 6:00:27 AM","0.00","1.00","1.00"
"9/03/2020 6:00:14 AM","0.00","1.00","1.00"
"9/03/2020 6:00:02 AM","0.00","1.00","0.00"
"2/03/2020 3:59:09 AM","0.00","0.00","0.00"
"2/03/2020 3:59:05 AM","1.00","0.00","0.00"
"2/03/2020 3:04:30 AM","1.00","0.00","0.00"
"2/03/2020 12:56:32 AM","0.00","0.00","0.00"
"2/03/2020 12:56:31 AM","0.00","0.00","0.00"
"2/03/2020 12:56:27 AM","0.00","0.00","1.00"
"1/03/2020 11:12:14 PM","0.00","0.00","1.00"
"28/02/2020 11:00:11 AM","0.00","0.00","0.00"
"28/02/2020 11:00:03 AM","0.00","0.00","1.00"
"28/02/2020 10:32:19 AM","0.00","1.00","1.00"
"28/02/2020 10:29:21 AM","0.00","1.00","1.00"
"28/02/2020 10:29:20 AM","0.00","1.00","0.00"
"28/02/2020 10:29:11 AM","0.00","1.00","1.00"
"28/02/2020 10:29:10 AM","0.00","1.00","0.00"
"28/02/2020 10:29:09 AM","0.00","1.00","1.00"
"28/02/2020 10:23:31 AM","0.00","1.00","1.00"
"28/02/2020 10:23:30 AM","0.00","1.00","0.00"
"28/02/2020 10:23:23 AM","0.00","1.00","0.00"
"28/02/2020 9:06:29 AM","0.00","0.00","0.00"
"28/02/2020 9:06:23 AM","0.00","0.00","1.00"
"28/02/2020 9:04:17 AM","0.00","1.00","1.00"
"28/02/2020 9:04:14 AM","0.00","1.00","1.00"
"28/02/2020 9:04:12 AM","0.00","1.00","1.00"
"28/02/2020 9:04:06 AM","0.00","1.00","1.00"
"28/02/2020 9:03:53 AM","0.00","1.00","0.00"
"27/02/2020 11:55:47 PM","0.00","0.00","0.00"
"27/02/2020 11:55:44 PM","1.00","0.00","1.00"
"27/02/2020 11:53:55 PM","1.00","0.00","1.00"
"27/02/2020 11:53:54 PM","0.00","0.00","1.00"
"27/02/2020 1:09:05 PM","0.00","0.00","0.00"
"27/02/2020 1:09:03 PM","0.00","0.00","1.00"
"27/02/2020 1:03:01 PM","0.00","1.00","1.00"
"27/02/2020 1:02:58 PM","0.00","1.00","1.00"
"27/02/2020 12:58:31 PM","0.00","1.00","1.00"
"27/02/2020 12:58:30 PM","0.00","1.00","0.00"
"27/02/2020 12:58:15 PM","0.00","1.00","1.00"
"27/02/2020 12:57:14 PM","0.00","1.00","1.00"
"27/02/2020 12:57:13 PM","0.00","1.00","0.00"
"27/02/2020 12:55:41 PM","0.00","1.00","1.00"
"27/02/2020 12:55:39 PM","0.00","1.00","1.00"
"27/02/2020 12:54:23 PM","0.00","1.00","1.00"
"27/02/2020 12:53:59 PM","0.00","1.00","1.00"
"27/02/2020 12:53:26 PM","0.00","1.00","1.00"
"27/02/2020 12:53:22 PM","0.00","1.00","0.00"
"27/02/2020 12:44:25 PM","0.00","1.00","1.00"
"27/02/2020 12:44:24 PM","0.00","1.00","0.00"
"27/02/2020 12:43:04 PM","0.00","1.00","1.00"
"27/02/2020 12:42:31 PM","0.00","1.00","1.00"
"27/02/2020 12:40:05 PM","0.00","1.00","1.00"
"27/02/2020 12:33:25 PM","0.00","1.00","1.00"
"27/02/2020 12:33:07 PM","0.00","1.00","1.00"
"27/02/2020 12:32:53 PM","0.00","1.00","1.00"
"27/02/2020 12:32:43 PM","0.00","1.00","0.00"
"27/02/2020 12:28:09 PM","0.00","0.00","0.00"
"27/02/2020 12:28:03 PM","0.00","0.00","1.00"
"27/02/2020 11:41:00 AM","0.00","1.00","1.00"
"27/02/2020 11:40:43 AM","0.00","1.00","0.00"
"27/02/2020 9:17:17 AM","0.00","0.00","0.00"
"27/02/2020 9:17:13 AM","0.00","0.00","1.00"
"27/02/2020 8:05:11 AM","0.00","1.00","1.00"
"27/02/2020 8:05:10 AM","0.00","1.00","0.00"
"27/02/2020 7:57:05 AM","0.00","1.00","1.00"
"27/02/2020 7:56:39 AM","0.00","1.00","1.00"
"27/02/2020 7:53:52 AM","0.00","1.00","1.00"
"27/02/2020 7:53:36 AM","0.00","1.00","1.00"
"27/02/2020 7:53:28 AM","0.00","1.00","1.00"
"27/02/2020 7:48:20 AM","0.00","1.00","1.00"
"27/02/2020 7:48:16 AM","0.00","1.00","1.00"
"27/02/2020 7:48:15 AM","0.00","1.00","0.00"
"27/02/2020 7:48:08 AM","0.00","1.00","1.00"
"27/02/2020 7:48:07 AM","0.00","1.00","0.00"
"27/02/2020 7:45:21 AM","0.00","1.00","1.00"
"27/02/2020 7:45:20 AM","0.00","1.00","0.00"
"27/02/2020 7:45:19 AM","0.00","1.00","0.00"
"27/02/2020 7:45:01 AM","0.00","1.00","1.00"
"27/02/2020 7:44:45 AM","0.00","1.00","1.00"
"27/02/2020 7:44:44 AM","0.00","1.00","1.00"
"27/02/2020 7:44:41 AM","0.00","1.00","0.00"
"27/02/2020 7:44:37 AM","0.00","1.00","1.00"
"27/02/2020 7:44:26 AM","0.00","1.00","1.00"
"27/02/2020 7:44:03 AM","0.00","1.00","1.00"
"27/02/2020 7:43:44 AM","0.00","1.00","1.00"
"27/02/2020 7:41:59 AM","0.00","1.00","1.00"
"27/02/2020 7:41:47 AM","0.00","1.00","1.00"
"27/02/2020 7:33:02 AM","0.00","1.00","1.00"
"27/02/2020 7:32:51 AM","0.00","1.00","1.00"
"27/02/2020 7:32:48 AM","0.00","1.00","1.00"
"27/02/2020 7:32:42 AM","0.00","1.00","1.00"
"27/02/2020 7:28:41 AM","0.00","1.00","1.00"
"27/02/2020 7:28:33 AM","0.00","1.00","0.00"
"27/02/2020 7:23:55 AM","0.00","0.00","0.00"
"27/02/2020 7:23:53 AM","0.00","0.00","1.00"
"27/02/2020 7:23:22 AM","0.00","1.00","1.00"
"27/02/2020 7:23:21 AM","0.00","1.00","1.00"
"27/02/2020 7:23:13 AM","0.00","1.00","0.00"
"21/02/2020 5:41:25 PM","0.00","0.00","0.00"
"21/02/2020 5:41:23 PM","0.00","0.00","1.00"
"21/02/2020 5:33:06 PM","0.00","1.00","1.00"
"21/02/2020 5:32:44 PM","0.00","1.00","1.00"
"21/02/2020 5:32:43 PM","0.00","1.00","0.00"
"21/02/2020 5:25:35 PM","0.00","1.00","1.00"
"21/02/2020 5:25:34 PM","0.00","1.00","0.00"
"21/02/2020 5:25:23 PM","0.00","1.00","1.00"
"21/02/2020 5:25:21 PM","0.00","1.00","0.00"
"21/02/2020 5:25:07 PM","0.00","1.00","1.00"
"21/02/2020 5:25:05 PM","0.00","1.00","0.00"
"21/02/2020 5:25:04 PM","0.00","1.00","0.00"
"21/02/2020 5:24:53 PM","0.00","1.00","0.00"
"21/02/2020 11:19:48 AM","0.00","0.00","0.00"
"21/02/2020 11:19:43 AM","0.00","0.00","1.00"
"21/02/2020 11:07:42 AM","0.00","1.00","1.00"
"21/02/2020 11:00:00 AM","0.00","1.00","1.00"
"21/02/2020 10:59:25 AM","0.00","1.00","1.00"
"21/02/2020 10:59:13 AM","0.00","1.00","0.00"
"20/02/2020 5:03:26 PM","0.00","0.00","0.00"
"20/02/2020 5:03:23 PM","0.00","0.00","1.00"
"20/02/2020 4:52:43 PM","0.00","1.00","1.00"
"20/02/2020 4:52:33 PM","0.00","1.00","0.00"
"20/02/2020 4:04:04 PM","0.00","0.00","0.00"
"20/02/2020 4:04:03 PM","0.00","0.00","1.00"
"20/02/2020 3:59:50 PM","0.00","1.00","1.00"
"20/02/2020 3:57:46 PM","0.00","1.00","1.00"
"20/02/2020 3:57:41 PM","0.00","1.00","1.00"
"20/02/2020 3:57:35 PM","0.00","1.00","1.00"
"20/02/2020 3:55:07 PM","0.00","1.00","1.00"
"20/02/2020 3:55:04 PM","0.00","1.00","1.00"
"20/02/2020 3:55:03 PM","0.00","1.00","0.00"
"20/02/2020 3:51:20 PM","0.00","1.00","1.00"
"20/02/2020 3:51:19 PM","0.00","1.00","1.00"
"20/02/2020 3:51:06 PM","0.00","1.00","1.00"
"20/02/2020 3:50:53 PM","0.00","1.00","0.00"
"20/02/2020 2:47:45 PM","0.00","0.00","0.00"
"20/02/2020 2:47:43 PM","0.00","0.00","1.00"
"20/02/2020 2:30:54 PM","0.00","1.00","1.00"
"20/02/2020 2:30:20 PM","0.00","1.00","1.00"
"20/02/2020 2:30:19 PM","0.00","1.00","1.00"
"20/02/2020 2:29:54 PM","0.00","1.00","1.00"
"20/02/2020 2:29:53 PM","0.00","1.00","0.00"
"20/02/2020 2:29:29 PM","0.00","1.00","1.00"
"20/02/2020 2:29:22 PM","0.00","1.00","1.00"
"20/02/2020 2:28:25 PM","0.00","1.00","1.00"
"20/02/2020 2:28:13 PM","0.00","1.00","0.00"
"20/02/2020 11:34:45 AM","0.00","0.00","0.00"
"20/02/2020 11:34:43 AM","0.00","0.00","1.00"
"20/02/2020 11:29:35 AM","0.00","1.00","1.00"
"20/02/2020 11:29:30 AM","0.00","1.00","1.00"
"20/02/2020 11:29:29 AM","0.00","1.00","0.00"
"20/02/2020 11:29:05 AM","0.00","1.00","1.00"
"20/02/2020 11:29:04 AM","0.00","1.00","0.00"
"20/02/2020 11:29:00 AM","0.00","1.00","1.00"
"20/02/2020 11:28:59 AM","0.00","1.00","0.00"
"20/02/2020 11:28:17 AM","0.00","1.00","1.00"
"20/02/2020 11:27:40 AM","0.00","1.00","1.00"
"20/02/2020 11:27:39 AM","0.00","1.00","0.00"
"20/02/2020 11:25:37 AM","0.00","1.00","1.00"
"20/02/2020 11:25:36 AM","0.00","1.00","0.00"
"20/02/2020 11:25:35 AM","0.00","1.00","1.00"
"20/02/2020 11:25:32 AM","0.00","1.00","1.00"
"20/02/2020 11:25:31 AM","0.00","1.00","0.00"
"20/02/2020 11:23:27 AM","0.00","1.00","1.00"
"20/02/2020 11:22:59 AM","0.00","1.00","1.00"
"20/02/2020 11:22:58 AM","0.00","1.00","0.00"
"20/02/2020 11:22:55 AM","0.00","1.00","1.00"
"20/02/2020 11:22:46 AM","0.00","1.00","1.00"
"20/02/2020 11:22:28 AM","0.00","1.00","1.00"
"20/02/2020 11:22:27 AM","0.00","1.00","0.00"
"20/02/2020 11:22:26 AM","0.00","1.00","1.00"
"20/02/2020 11:22:25 AM","0.00","1.00","0.00"
"20/02/2020 11:20:38 AM","0.00","1.00","1.00"
"20/02/2020 11:20:34 AM","0.00","1.00","1.00"
"20/02/2020 11:17:09 AM","0.00","1.00","1.00"
"20/02/2020 11:16:53 AM","0.00","1.00","0.00"
"20/02/2020 10:07:56 AM","0.00","0.00","0.00"
"20/02/2020 10:07:53 AM","0.00","0.00","1.00"
"20/02/2020 10:05:48 AM","0.00","1.00","1.00"
"20/02/2020 9:56:06 AM","0.00","1.00","1.00"
"20/02/2020 9:55:43 AM","0.00","1.00","0.00"
"17/02/2020 9:45:35 AM","0.00","0.00","0.00"
"17/02/2020 9:45:33 AM","0.00","0.00","1.00"
"17/02/2020 9:41:16 AM","0.00","1.00","1.00"
"17/02/2020 9:41:03 AM","0.00","1.00","0.00"
"5/02/2020 10:17:38 AM","0.00","0.00","0.00"
"5/02/2020 10:17:36 AM","0.00","0.00","1.00"
"5/02/2020 10:17:33 AM","0.00","0.00","0.00"
"5/02/2020 10:17:23 AM","0.00","1.00","0.00"
"5/02/2020 10:16:23 AM","0.00","0.00","0.00"
"5/02/2020 10:16:03 AM","0.00","1.00","0.00"
"5/02/2020 10:15:23 AM","0.00","0.00","0.00"
"5/02/2020 10:15:03 AM","0.00","1.00","0.00"
"5/02/2020 10:14:28 AM","0.00","0.00","0.00"
"5/02/2020 10:14:23 AM","0.00","0.00","1.00"
"5/02/2020 10:13:52 AM","0.00","1.00","1.00"
"5/02/2020 10:13:51 AM","0.00","1.00","1.00"
"5/02/2020 10:13:35 AM","0.00","1.00","1.00"
"5/02/2020 10:13:34 AM","0.00","1.00","0.00"
"5/02/2020 10:13:22 AM","0.00","1.00","1.00"
"5/02/2020 10:13:13 AM","0.00","1.00","0.00"
"5/02/2020 10:13:05 AM","0.00","0.00","0.00"
"5/02/2020 10:13:03 AM","0.00","0.00","1.00"
"5/02/2020 9:51:25 AM","0.00","1.00","1.00"
"5/02/2020 9:51:24 AM","0.00","1.00","0.00"
"5/02/2020 9:51:20 AM","0.00","1.00","1.00"
"5/02/2020 9:51:18 AM","0.00","1.00","0.00"
"5/02/2020 9:51:12 AM","0.00","1.00","1.00"
"5/02/2020 9:51:11 AM","0.00","1.00","0.00"
"5/02/2020 9:51:05 AM","0.00","1.00","1.00"
"5/02/2020 9:51:04 AM","0.00","1.00","0.00"
"5/02/2020 9:49:28 AM","0.00","1.00","1.00"
"5/02/2020 9:42:41 AM","0.00","1.00","1.00"
"5/02/2020 9:42:33 AM","0.00","1.00","0.00"
"5/02/2020 9:38:26 AM","0.00","0.00","0.00"
"5/02/2020 9:38:23 AM","0.00","0.00","1.00"
"5/02/2020 9:32:50 AM","0.00","1.00","1.00"
"5/02/2020 9:32:23 AM","0.00","1.00","1.00"
"5/02/2020 9:32:13 AM","0.00","1.00","0.00"
"5/02/2020 9:00:13 AM","0.00","0.00","0.00"
"5/02/2020 8:59:53 AM","0.00","1.00","0.00"
"5/02/2020 8:59:50 AM","0.00","0.00","0.00"
"5/02/2020 8:59:48 AM","0.00","0.00","1.00"
"5/02/2020 8:59:47 AM","0.00","0.00","0.00"
"5/02/2020 8:59:46 AM","0.00","0.00","1.00"
"5/02/2020 8:59:43 AM","0.00","0.00","0.00"
"5/02/2020 8:59:23 AM","0.00","1.00","0.00"
"5/02/2020 8:59:20 AM","0.00","0.00","0.00"
"5/02/2020 8:59:13 AM","0.00","0.00","1.00"
"5/02/2020 7:58:39 AM","0.00","1.00","1.00"
"5/02/2020 7:58:22 AM","0.00","1.00","1.00"
"5/02/2020 7:58:13 AM","0.00","1.00","0.00"
"5/02/2020 7:58:09 AM","0.00","0.00","0.00"
"5/02/2020 7:58:08 AM","0.00","0.00","0.00"
"5/02/2020 7:58:03 AM","0.00","0.00","1.00"
"5/02/2020 7:58:00 AM","0.00","1.00","1.00"
"5/02/2020 7:57:53 AM","0.00","1.00","0.00"
"5/02/2020 7:57:03 AM","0.00","0.00","0.00"
"5/02/2020 7:56:53 AM","0.00","1.00","0.00"
"5/02/2020 7:53:03 AM","0.00","0.00","0.00"
"5/02/2020 7:52:53 AM","0.00","1.00","0.00"
"5/02/2020 7:48:53 AM","0.00","0.00","0.00"
"5/02/2020 7:48:43 AM","0.00","1.00","0.00"
"5/02/2020 6:33:27 AM","0.00","0.00","0.00"
"5/02/2020 6:33:26 AM","0.00","0.00","1.00"
"5/02/2020 6:33:25 AM","0.00","0.00","0.00"
"5/02/2020 6:33:23 AM","0.00","0.00","0.00"
"5/02/2020 6:33:03 AM","0.00","1.00","0.00"
"4/02/2020 12:48:10 PM","0.00","0.00","0.00"
"4/02/2020 12:48:03 PM","0.00","0.00","1.00"
"4/02/2020 12:36:51 PM","0.00","1.00","1.00"
"4/02/2020 12:36:33 PM","0.00","1.00","0.00"
"4/02/2020 11:27:35 AM","0.00","0.00","0.00"
"4/02/2020 11:27:33 AM","0.00","0.00","1.00"
"4/02/2020 11:24:49 AM","0.00","1.00","1.00"
"4/02/2020 11:23:28 AM","0.00","1.00","1.00"
"4/02/2020 11:15:36 AM","0.00","1.00","1.00"
"4/02/2020 11:09:25 AM","0.00","1.00","1.00"
"4/02/2020 11:09:24 AM","0.00","1.00","0.00"
"4/02/2020 11:08:38 AM","0.00","1.00","1.00"
"4/02/2020 11:08:23 AM","0.00","1.00","0.00"
"4/02/2020 10:47:25 AM","0.00","0.00","0.00"
"4/02/2020 10:47:23 AM","0.00","0.00","1.00"
"4/02/2020 10:46:00 AM","0.00","1.00","1.00"
"4/02/2020 10:38:49 AM","0.00","1.00","1.00"
"4/02/2020 10:38:33 AM","0.00","1.00","0.00"
"4/02/2020 10:32:48 AM","0.00","0.00","0.00"
"4/02/2020 10:32:43 AM","0.00","0.00","1.00"
"4/02/2020 10:29:42 AM","0.00","1.00","1.00"
"4/02/2020 10:27:34 AM","0.00","1.00","1.00"
"4/02/2020 10:26:18 AM","0.00","1.00","1.00"
"4/02/2020 10:25:03 AM","0.00","1.00","1.00"
"4/02/2020 10:24:57 AM","0.00","1.00","1.00"
"4/02/2020 10:24:56 AM","0.00","1.00","0.00"
"4/02/2020 10:22:50 AM","0.00","1.00","1.00"
"4/02/2020 10:22:47 AM","0.00","1.00","1.00"
"4/02/2020 10:20:17 AM","0.00","1.00","1.00"
"4/02/2020 10:20:03 AM","0.00","1.00","0.00"
"31/01/2020 4:19:11 PM","0.00","0.00","0.00"
"31/01/2020 4:19:03 PM","0.00","0.00","1.00"
"31/01/2020 4:14:40 PM","0.00","1.00","1.00"
"31/01/2020 4:14:36 PM","0.00","1.00","1.00"
"31/01/2020 4:14:35 PM","0.00","1.00","0.00"
"31/01/2020 4:13:59 PM","0.00","1.00","1.00"
"31/01/2020 4:13:58 PM","0.00","1.00","0.00"
"31/01/2020 3:59:17 PM","0.00","1.00","1.00"
"31/01/2020 3:59:03 PM","0.00","1.00","0.00"
"31/01/2020 3:58:59 PM","0.00","0.00","0.00"
"31/01/2020 3:58:53 PM","0.00","0.00","1.00"
"31/01/2020 3:58:47 PM","0.00","1.00","1.00"
"31/01/2020 3:58:45 PM","0.00","1.00","1.00"
"31/01/2020 3:58:33 PM","0.00","1.00","0.00"
"24/01/2020 10:15:31 AM","0.00","0.00","0.00"
"24/01/2020 10:15:23 AM","0.00","0.00","1.00"
"24/01/2020 10:09:05 AM","0.00","1.00","1.00"
"24/01/2020 9:54:44 AM","0.00","1.00","1.00"
"24/01/2020 9:54:31 AM","0.00","1.00","1.00"
"24/01/2020 9:54:30 AM","0.00","1.00","0.00"
"24/01/2020 9:45:23 AM","0.00","1.00","1.00"
"24/01/2020 9:45:22 AM","0.00","1.00","0.00"
"24/01/2020 9:45:07 AM","0.00","1.00","1.00"
"24/01/2020 9:45:06 AM","0.00","1.00","0.00"
"24/01/2020 9:44:30 AM","0.00","1.00","1.00"
"24/01/2020 9:44:29 AM","0.00","1.00","0.00"
"24/01/2020 9:44:24 AM","0.00","1.00","1.00"
"24/01/2020 9:44:23 AM","0.00","1.00","0.00"
"24/01/2020 9:44:12 AM","0.00","1.00","1.00"
"24/01/2020 9:35:57 AM","0.00","1.00","1.00"
"24/01/2020 9:35:56 AM","0.00","1.00","0.00"
"24/01/2020 9:35:46 AM","0.00","1.00","1.00"
"24/01/2020 9:35:23 AM","0.00","1.00","0.00"
"24/01/2020 7:19:18 AM","0.00","0.00","0.00"
"24/01/2020 7:19:13 AM","0.00","0.00","1.00"
"24/01/2020 7:12:22 AM","0.00","1.00","1.00"
"24/01/2020 7:12:18 AM","0.00","1.00","1.00"
"24/01/2020 7:12:08 AM","0.00","1.00","1.00"
"24/01/2020 7:11:53 AM","0.00","1.00","0.00"
"24/01/2020 7:11:48 AM","0.00","0.00","0.00"
"24/01/2020 7:11:43 AM","0.00","0.00","1.00"
"24/01/2020 7:11:35 AM","0.00","1.00","1.00"
"24/01/2020 7:11:25 AM","0.00","1.00","1.00"
"24/01/2020 7:11:13 AM","0.00","1.00","0.00"
"24/01/2020 7:07:12 AM","0.00","0.00","0.00"
"24/01/2020 7:07:03 AM","0.00","0.00","1.00"
"24/01/2020 7:05:27 AM","0.00","1.00","1.00"
"24/01/2020 7:05:20 AM","0.00","1.00","1.00"
"24/01/2020 7:05:11 AM","0.00","1.00","1.00"
"24/01/2020 7:05:10 AM","0.00","1.00","0.00"
"24/01/2020 7:04:45 AM","0.00","1.00","1.00"
"24/01/2020 7:04:43 AM","0.00","1.00","0.00"
"24/01/2020 7:04:34 AM","0.00","1.00","1.00"
"24/01/2020 7:04:33 AM","0.00","1.00","0.00"
"24/01/2020 7:04:12 AM","0.00","1.00","1.00"
"24/01/2020 7:03:59 AM","0.00","1.00","1.00"
"24/01/2020 7:03:58 AM","0.00","1.00","0.00"
"24/01/2020 7:03:50 AM","0.00","1.00","1.00"
"24/01/2020 7:03:32 AM","0.00","1.00","1.00"
"24/01/2020 7:03:13 AM","0.00","1.00","0.00"
"23/01/2020 10:48:26 AM","0.00","0.00","0.00"
"23/01/2020 10:48:23 AM","0.00","0.00","1.00"
"23/01/2020 10:42:39 AM","0.00","1.00","1.00"
"23/01/2020 10:35:19 AM","0.00","1.00","1.00"
"23/01/2020 10:35:18 AM","0.00","1.00","0.00"
"23/01/2020 10:35:16 AM","0.00","1.00","1.00"
"23/01/2020 10:35:03 AM","0.00","1.00","0.00"
"21/01/2020 8:49:08 AM","0.00","0.00","0.00"
"21/01/2020 8:49:03 AM","0.00","0.00","1.00"
"21/01/2020 8:41:59 AM","0.00","1.00","1.00"
"21/01/2020 8:41:58 AM","0.00","1.00","0.00"
"21/01/2020 8:41:27 AM","0.00","1.00","1.00"
"21/01/2020 8:41:26 AM","0.00","1.00","0.00"
"21/01/2020 8:41:25 AM","0.00","1.00","1.00"
"21/01/2020 8:41:11 AM","0.00","1.00","1.00"
"21/01/2020 8:40:49 AM","0.00","1.00","1.00"
"21/01/2020 8:40:48 AM","0.00","1.00","1.00"
"21/01/2020 8:40:33 AM","0.00","1.00","0.00"
"17/01/2020 9:48:48 AM","0.00","0.00","0.00"
"17/01/2020 9:48:43 AM","0.00","0.00","1.00"
"17/01/2020 9:46:24 AM","0.00","1.00","1.00"
"17/01/2020 9:46:14 AM","0.00","1.00","1.00"
"17/01/2020 9:45:53 AM","0.00","1.00","0.00"
"17/01/2020 9:45:30 AM","0.00","0.00","0.00"
"17/01/2020 9:45:23 AM","0.00","0.00","1.00"
"17/01/2020 9:44:28 AM","0.00","1.00","1.00"
"17/01/2020 9:44:03 AM","0.00","1.00","0.00"
"17/01/2020 9:43:43 AM","0.00","0.00","0.00"
"17/01/2020 9:43:33 AM","0.00","1.00","0.00"
"17/01/2020 8:51:27 AM","0.00","0.00","0.00"
"17/01/2020 8:51:23 AM","0.00","0.00","1.00"
"17/01/2020 8:50:27 AM","0.00","1.00","1.00"
"17/01/2020 8:50:13 AM","0.00","1.00","0.00"
"17/01/2020 8:50:00 AM","0.00","0.00","0.00"
"17/01/2020 8:49:53 AM","0.00","0.00","1.00"
"17/01/2020 8:42:38 AM","0.00","1.00","1.00"
"17/01/2020 8:42:22 AM","0.00","1.00","1.00"
"17/01/2020 8:42:21 AM","0.00","1.00","0.00"
"17/01/2020 8:42:17 AM","0.00","1.00","1.00"
"17/01/2020 8:42:03 AM","0.00","1.00","0.00"
"17/01/2020 8:41:36 AM","0.00","0.00","0.00"
"17/01/2020 8:41:33 AM","0.00","0.00","1.00"
"17/01/2020 8:41:31 AM","0.00","1.00","1.00"
"17/01/2020 8:41:13 AM","0.00","1.00","0.00"
"17/01/2020 8:27:43 AM","0.00","0.00","0.00"
"17/01/2020 8:27:33 AM","0.00","1.00","0.00"
"17/01/2020 8:24:04 AM","0.00","0.00","0.00"
"17/01/2020 8:24:03 AM","0.00","0.00","1.00"
"17/01/2020 8:24:02 AM","0.00","1.00","1.00"
"17/01/2020 8:23:53 AM","0.00","1.00","0.00"
"13/01/2020 8:05:35 AM","0.00","0.00","0.00"
"13/01/2020 8:05:33 AM","0.00","0.00","1.00"
"13/01/2020 7:44:51 AM","0.00","1.00","1.00"
"13/01/2020 7:32:37 AM","0.00","1.00","1.00"
"13/01/2020 7:28:10 AM","0.00","1.00","1.00"
"13/01/2020 7:28:09 AM","0.00","1.00","0.00"
"13/01/2020 7:24:08 AM","0.00","1.00","1.00"
"13/01/2020 7:23:40 AM","0.00","1.00","1.00"
"13/01/2020 7:23:39 AM","0.00","1.00","0.00"
"13/01/2020 7:15:14 AM","0.00","1.00","1.00"
"13/01/2020 7:15:13 AM","0.00","1.00","0.00"
"13/01/2020 7:15:03 AM","0.00","1.00","1.00"
"13/01/2020 7:15:02 AM","0.00","1.00","1.00"
"13/01/2020 7:14:50 AM","0.00","1.00","1.00"
"13/01/2020 7:14:48 AM","0.00","1.00","1.00"
"13/01/2020 7:14:31 AM","0.00","1.00","1.00"
"13/01/2020 7:14:30 AM","0.00","1.00","0.00"
"13/01/2020 7:12:17 AM","0.00","1.00","1.00"
"13/01/2020 7:12:16 AM","0.00","1.00","0.00"
"13/01/2020 7:11:53 AM","0.00","1.00","1.00"
"13/01/2020 7:11:43 AM","0.00","1.00","0.00"
"6/01/2020 10:14:06 AM","0.00","0.00","0.00"
"6/01/2020 10:14:03 AM","0.00","0.00","1.00"
"6/01/2020 9:24:57 AM","0.00","1.00","1.00"
"6/01/2020 9:24:25 AM","0.00","1.00","1.00"
"6/01/2020 9:23:39 AM","0.00","1.00","1.00"
"6/01/2020 9:23:38 AM","0.00","1.00","1.00"
"6/01/2020 9:23:15 AM","0.00","1.00","1.00"
"6/01/2020 9:23:14 AM","0.00","1.00","1.00"
"6/01/2020 8:49:51 AM","0.00","1.00","1.00"
"6/01/2020 8:49:50 AM","0.00","1.00","0.00"
"6/01/2020 8:41:14 AM","0.00","1.00","1.00"
"6/01/2020 8:37:17 AM","0.00","1.00","1.00"
"6/01/2020 8:35:24 AM","0.00","1.00","1.00"
"6/01/2020 8:35:20 AM","0.00","1.00","1.00"
"6/01/2020 8:34:33 AM","0.00","1.00","1.00"
"6/01/2020 8:34:32 AM","0.00","1.00","0.00"
"6/01/2020 8:34:26 AM","0.00","1.00","1.00"
"6/01/2020 8:33:57 AM","0.00","1.00","1.00"
"6/01/2020 8:32:53 AM","0.00","1.00","1.00"
"6/01/2020 8:21:27 AM","0.00","1.00","1.00"
"6/01/2020 8:16:49 AM","0.00","1.00","1.00"
"6/01/2020 8:14:44 AM","0.00","1.00","1.00"
"6/01/2020 8:14:43 AM","0.00","1.00","1.00"
"6/01/2020 8:14:17 AM","0.00","1.00","1.00"
"6/01/2020 8:14:16 AM","0.00","1.00","0.00"
"6/01/2020 8:14:05 AM","0.00","1.00","1.00"
"6/01/2020 8:14:04 AM","0.00","1.00","0.00"
"6/01/2020 8:12:57 AM","0.00","1.00","1.00"
"6/01/2020 8:11:42 AM","0.00","1.00","1.00"
"6/01/2020 8:11:24 AM","0.00","1.00","1.00"
"6/01/2020 8:03:51 AM","0.00","1.00","1.00"
"6/01/2020 8:03:50 AM","0.00","1.00","0.00"
"6/01/2020 8:02:44 AM","0.00","1.00","1.00"
"6/01/2020 8:01:56 AM","0.00","1.00","1.00"
"6/01/2020 8:01:51 AM","0.00","1.00","1.00"
"6/01/2020 8:01:50 AM","0.00","1.00","0.00"
"6/01/2020 8:01:38 AM","0.00","1.00","1.00"
"6/01/2020 8:01:36 AM","0.00","1.00","1.00"
"6/01/2020 8:01:35 AM","0.00","1.00","0.00"
"6/01/2020 8:01:33 AM","0.00","1.00","1.00"
"6/01/2020 8:01:32 AM","0.00","1.00","0.00"
"6/01/2020 8:00:03 AM","0.00","1.00","1.00"
"6/01/2020 7:58:52 AM","0.00","1.00","1.00"
"6/01/2020 7:53:40 AM","0.00","1.00","1.00"
"6/01/2020 7:53:39 AM","0.00","1.00","1.00"
"6/01/2020 7:53:38 AM","0.00","1.00","0.00"
"6/01/2020 7:53:35 AM","0.00","1.00","1.00"
"6/01/2020 7:53:34 AM","0.00","1.00","0.00"
"6/01/2020 7:51:07 AM","0.00","1.00","1.00"
"6/01/2020 7:51:06 AM","0.00","1.00","0.00"
"6/01/2020 7:51:03 AM","0.00","1.00","1.00"
"6/01/2020 7:50:58 AM","0.00","1.00","1.00"
"6/01/2020 7:50:56 AM","0.00","1.00","1.00"
"6/01/2020 7:50:55 AM","0.00","1.00","0.00"
"6/01/2020 7:49:24 AM","0.00","1.00","1.00"
"6/01/2020 7:45:40 AM","0.00","1.00","1.00"
"6/01/2020 7:45:39 AM","0.00","1.00","0.00"
"6/01/2020 7:45:31 AM","0.00","1.00","1.00"
"6/01/2020 7:45:30 AM","0.00","1.00","0.00"
"6/01/2020 7:32:33 AM","0.00","1.00","1.00"
"6/01/2020 7:29:19 AM","0.00","1.00","1.00"
"6/01/2020 7:28:52 AM","0.00","1.00","1.00"
"6/01/2020 7:28:51 AM","0.00","1.00","0.00"
"6/01/2020 7:28:43 AM","0.00","1.00","0.00"
"6/01/2020 7:27:43 AM","0.00","0.00","0.00"
"6/01/2020 7:27:33 AM","0.00","1.00","0.00"
"16/12/2019 9:17:10 AM","0.00","0.00","0.00"
"16/12/2019 9:17:03 AM","0.00","0.00","1.00"
"16/12/2019 8:09:18 AM","0.00","1.00","1.00"
"16/12/2019 8:09:13 AM","0.00","1.00","0.00"
"16/12/2019 8:08:55 AM","0.00","0.00","0.00"
"16/12/2019 8:08:53 AM","0.00","0.00","1.00"
"16/12/2019 8:08:18 AM","0.00","1.00","1.00"
"16/12/2019 8:08:03 AM","0.00","1.00","0.00"
"16/12/2019 8:07:39 AM","0.00","0.00","0.00"
"16/12/2019 8:07:33 AM","0.00","0.00","1.00"
"16/12/2019 8:07:32 AM","0.00","1.00","1.00"
"16/12/2019 8:07:22 AM","0.00","1.00","1.00"
"16/12/2019 8:07:21 AM","0.00","1.00","0.00"
"16/12/2019 8:07:19 AM","0.00","1.00","1.00"
"16/12/2019 8:07:14 AM","0.00","1.00","1.00"
"16/12/2019 8:07:03 AM","0.00","1.00","0.00"
"16/12/2019 8:06:18 AM","0.00","0.00","0.00"
"16/12/2019 8:06:13 AM","0.00","0.00","1.00"
"16/12/2019 8:06:11 AM","0.00","1.00","1.00"
"16/12/2019 8:06:03 AM","0.00","1.00","0.00"
"13/12/2019 11:13:18 AM","0.00","0.00","0.00"
"13/12/2019 11:13:13 AM","0.00","0.00","1.00"
"13/12/2019 11:11:59 AM","0.00","1.00","1.00"
"13/12/2019 11:08:11 AM","0.00","1.00","1.00"
"13/12/2019 11:08:03 AM","0.00","1.00","0.00"
"13/12/2019 9:48:15 AM","0.00","0.00","0.00"
"13/12/2019 9:48:13 AM","0.00","0.00","1.00"
"13/12/2019 9:45:47 AM","0.00","1.00","1.00"
"13/12/2019 9:44:38 AM","0.00","1.00","1.00"
"13/12/2019 9:44:27 AM","0.00","1.00","1.00"
"13/12/2019 9:44:26 AM","0.00","1.00","0.00"
"13/12/2019 9:44:03 AM","0.00","1.00","0.00"
"13/12/2019 9:03:57 AM","0.00","0.00","0.00"
"13/12/2019 9:03:53 AM","0.00","0.00","1.00"
"13/12/2019 9:00:47 AM","0.00","1.00","1.00"
"13/12/2019 8:55:33 AM","0.00","1.00","1.00"
"13/12/2019 8:55:12 AM","0.00","1.00","1.00"
"13/12/2019 8:54:41 AM","0.00","1.00","1.00"
"13/12/2019 8:54:31 AM","0.00","1.00","1.00"
"13/12/2019 8:54:12 AM","0.00","1.00","1.00"
"13/12/2019 8:54:11 AM","0.00","1.00","1.00"
"13/12/2019 8:53:47 AM","0.00","1.00","1.00"
"13/12/2019 8:53:33 AM","0.00","1.00","0.00"
"13/12/2019 8:52:59 AM","0.00","0.00","0.00"
"13/12/2019 8:52:53 AM","0.00","0.00","1.00"
"13/12/2019 8:52:29 AM","0.00","1.00","1.00"
"13/12/2019 8:52:03 AM","0.00","1.00","0.00"
"13/12/2019 8:51:16 AM","0.00","0.00","0.00"
"13/12/2019 8:51:13 AM","0.00","0.00","1.00"
"13/12/2019 8:50:02 AM","0.00","1.00","1.00"
"13/12/2019 8:47:35 AM","0.00","1.00","1.00"
"13/12/2019 8:47:02 AM","0.00","1.00","1.00"
"13/12/2019 8:46:33 AM","0.00","1.00","0.00"
"13/12/2019 8:37:50 AM","0.00","0.00","0.00"
"13/12/2019 8:37:43 AM","0.00","0.00","1.00"
"13/12/2019 7:45:16 AM","0.00","1.00","1.00"
"13/12/2019 6:55:43 AM","0.00","1.00",""
"12/12/2019 9:19:43 AM","0.00","0.00",""
"12/12/2019 9:19:23 AM","0.00","1.00",""
"12/12/2019 9:19:13 AM","0.00","0.00",""
"12/12/2019 8:44:13 AM","0.00","1.00",""
"12/12/2019 8:41:03 AM","0.00","0.00",""
"12/12/2019 8:00:33 AM","0.00","1.00",""
"12/12/2019 7:59:43 AM","0.00","0.00",""
"12/12/2019 7:59:33 AM","0.00","1.00",""
"12/12/2019 7:58:53 AM","0.00","0.00",""
"12/12/2019 7:58:43 AM","0.00","1.00",""
"11/12/2019 2:16:03 PM","0.00","0.00",""
"11/12/2019 1:59:23 PM","0.00","1.00",""
"11/12/2019 1:14:13 PM","0.00","0.00",""
"11/12/2019 1:14:03 PM","0.00","1.00",""
"11/12/2019 1:13:43 PM","0.00","0.00",""
"11/12/2019 12:51:23 PM","0.00","1.00",""
"11/12/2019 12:39:03 PM","0.00","0.00",""
"11/12/2019 12:04:03 PM","0.00","1.00",""
"11/12/2019 9:35:43 AM","0.00","0.00",""
"11/12/2019 7:40:33 AM","0.00","1.00",""
"11/12/2019 7:39:13 AM","0.00","0.00",""
"11/12/2019 7:39:03 AM","0.00","1.00",""
"11/12/2019 7:37:43 AM","0.00","0.00",""
"11/12/2019 7:37:33 AM","0.00","1.00",""
"10/12/2019 1:33:03 PM","0.00","0.00",""
"10/12/2019 12:55:53 PM","0.00","1.00",""
"6/12/2019 5:24:33 PM","0.00","0.00",""
"6/12/2019 5:11:13 PM","0.00","1.00",""
"6/12/2019 10:10:53 AM","0.00","0.00",""
"6/12/2019 9:59:13 AM","0.00","1.00",""
"6/12/2019 8:36:43 AM","0.00","0.00",""
"6/12/2019 8:36:33 AM","0.00","1.00",""
"5/12/2019 10:54:13 AM","0.00","0.00",""
"5/12/2019 10:28:33 AM","0.00","1.00",""
"5/12/2019 10:01:03 AM","0.00","0.00",""
"5/12/2019 7:41:13 AM","0.00","1.00",""
"5/12/2019 7:40:23 AM","0.00","0.00",""
"5/12/2019 7:35:33 AM","0.00","1.00",""
"5/12/2019 7:35:03 AM","0.00","0.00",""
"5/12/2019 7:33:13 AM","0.00","1.00",""
"5/12/2019 6:03:43 AM","0.00","0.00",""
"5/12/2019 6:00:03 AM","0.00","1.00",""
"4/12/2019 9:52:53 AM","0.00","0.00",""
"4/12/2019 7:00:33 AM","0.00","1.00",""
"4/12/2019 6:38:13 AM","0.00","0.00",""
"4/12/2019 6:37:53 AM","0.00","1.00",""
"4/12/2019 6:37:43 AM","0.00","0.00",""
"4/12/2019 6:32:13 AM","0.00","1.00",""
"4/12/2019 6:30:13 AM","0.00","0.00",""
"4/12/2019 6:30:03 AM","0.00","1.00",""
"4/12/2019 6:29:43 AM","0.00","0.00",""
"4/12/2019 6:29:03 AM","0.00","1.00",""
"4/12/2019 6:28:43 AM","0.00","0.00",""
"4/12/2019 6:00:03 AM","0.00","1.00",""
"3/12/2019 9:46:53 AM","0.00","0.00",""
"3/12/2019 6:00:03 AM","0.00","1.00",""
"2/12/2019 6:00:03 PM","0.00","0.00",""
"2/12/2019 6:00:03 AM","0.00","1.00",""
"29/11/2019 6:00:03 PM","0.00","0.00",""
"29/11/2019 5:50:43 PM","0.00","1.00",""
"29/11/2019 7:56:13 AM","0.00","0.00",""
"29/11/2019 7:54:13 AM","0.00","1.00",""
"29/11/2019 7:49:13 AM","0.00","0.00",""
"29/11/2019 7:40:33 AM","0.00","1.00",""
"27/11/2019 1:45:13 PM","0.00","0.00",""
"27/11/2019 1:33:43 PM","0.00","1.00",""
"27/11/2019 1:29:43 PM","0.00","0.00",""
"27/11/2019 12:59:03 PM","0.00","1.00",""
"27/11/2019 12:52:53 PM","0.00","0.00",""
"27/11/2019 12:37:43 PM","0.00","1.00",""
"27/11/2019 9:56:13 AM","0.00","0.00",""
"27/11/2019 9:34:53 AM","0.00","1.00",""
"27/11/2019 7:29:23 AM","0.00","0.00",""
"27/11/2019 6:00:03 AM","0.00","1.00",""
"26/11/2019 9:12:43 AM","0.00","0.00",""
"26/11/2019 9:05:13 AM","0.00","1.00",""
"26/11/2019 9:04:53 AM","0.00","0.00",""
"26/11/2019 8:43:43 AM","0.00","1.00",""
"26/11/2019 8:43:33 AM","0.00","0.00",""
"26/11/2019 8:43:13 AM","0.00","1.00",""
"26/11/2019 8:18:23 AM","0.00","0.00",""
"26/11/2019 8:17:53 AM","0.00","1.00",""
"26/11/2019 8:14:43 AM","0.00","0.00",""
"26/11/2019 8:14:33 AM","0.00","1.00",""
"26/11/2019 8:13:53 AM","0.00","0.00",""
"26/11/2019 8:13:33 AM","0.00","1.00",""
"26/11/2019 8:12:53 AM","0.00","0.00",""
"26/11/2019 8:12:43 AM","0.00","1.00",""
"26/11/2019 8:12:13 AM","0.00","0.00",""
"26/11/2019 8:11:53 AM","0.00","1.00",""
"26/11/2019 8:10:13 AM","0.00","0.00",""
"26/11/2019 8:09:23 AM","0.00","1.00",""
"26/11/2019 8:04:53 AM","0.00","0.00",""
"26/11/2019 8:04:43 AM","0.00","1.00",""
"25/11/2019 8:25:03 AM","0.00","0.00",""
"25/11/2019 8:16:13 AM","0.00","1.00",""
"22/11/2019 5:55:53 PM","0.00","0.00",""
"22/11/2019 5:39:43 PM","0.00","1.00",""
"21/11/2019 12:17:53 PM","0.00","0.00",""
"21/11/2019 11:53:13 AM","0.00","1.00",""
"20/11/2019 11:25:13 AM","0.00","0.00",""
"20/11/2019 11:16:03 AM","0.00","1.00",""
"20/11/2019 9:09:03 AM","0.00","0.00",""
"20/11/2019 6:00:03 AM","0.00","1.00",""
"19/11/2019 4:27:53 PM","0.00","0.00",""
"19/11/2019 4:07:33 PM","0.00","1.00",""
"19/11/2019 8:08:53 AM","0.00","0.00",""
"19/11/2019 8:05:23 AM","0.00","1.00",""
"19/11/2019 6:02:03 AM","0.00","0.00",""
"19/11/2019 6:00:03 AM","0.00","1.00",""
"18/11/2019 12:01:43 PM","0.00","0.00",""
"18/11/2019 11:23:33 AM","0.00","1.00",""
"18/11/2019 8:27:53 AM","0.00","0.00",""
"18/11/2019 7:55:33 AM","0.00","1.00",""
"18/11/2019 7:26:03 AM","0.00","0.00",""
"18/11/2019 6:00:03 AM","0.00","1.00",""
"15/11/2019 12:04:33 PM","0.00","0.00",""
"15/11/2019 11:31:53 AM","0.00","1.00",""
"15/11/2019 11:04:53 AM","0.00","0.00",""
"15/11/2019 10:41:23 AM","0.00","1.00",""
"15/11/2019 9:20:23 AM","0.00","0.00",""
"15/11/2019 9:20:03 AM","0.00","1.00",""
"15/11/2019 9:19:53 AM","0.00","0.00",""
"15/11/2019 7:48:23 AM","0.00","1.00",""
"15/11/2019 7:47:13 AM","0.00","0.00",""
"15/11/2019 7:47:03 AM","0.00","1.00",""
"15/11/2019 6:06:43 AM","0.00","0.00",""
"15/11/2019 6:00:03 AM","0.00","1.00",""
"14/11/2019 11:15:23 AM","0.00","0.00",""
"14/11/2019 10:50:13 AM","0.00","1.00",""
"14/11/2019 9:21:43 AM","0.00","0.00",""
"14/11/2019 7:23:13 AM","0.00","1.00",""
"14/11/2019 6:16:13 AM","0.00","0.00",""
"14/11/2019 6:00:03 AM","0.00","1.00",""
"13/11/2019 10:55:33 AM","0.00","0.00",""
"13/11/2019 10:48:53 AM","0.00","1.00",""
"13/11/2019 10:46:43 AM","0.00","0.00",""
"13/11/2019 6:00:03 AM","0.00","1.00",""
"11/11/2019 9:34:13 AM","0.00","0.00",""
"11/11/2019 8:49:33 AM","0.00","1.00",""
"11/11/2019 8:32:33 AM","0.00","0.00",""
"11/11/2019 7:57:03 AM","0.00","1.00",""
"11/11/2019 7:16:03 AM","0.00","0.00",""
"11/11/2019 6:00:03 AM","0.00","1.00",""
"8/11/2019 6:00:03 PM","0.00","0.00",""
"8/11/2019 5:03:53 PM","0.00","1.00",""
"8/11/2019 5:03:43 PM","0.00","0.00",""
"8/11/2019 5:03:23 PM","0.00","1.00",""
"8/11/2019 5:01:43 PM","0.00","0.00",""
"8/11/2019 5:01:23 PM","0.00","1.00",""
"8/11/2019 2:00:03 PM","0.00","0.00",""
"8/11/2019 6:00:03 AM","0.00","1.00",""
"7/11/2019 9:52:03 AM","0.00","0.00",""
"7/11/2019 6:51:33 AM","0.00","1.00",""
"7/11/2019 6:23:13 AM","0.00","0.00",""
"7/11/2019 6:00:03 AM","0.00","1.00",""
"6/11/2019 9:37:53 AM","0.00","0.00",""
"6/11/2019 9:02:43 AM","0.00","1.00",""
"6/11/2019 8:43:43 AM","0.00","0.00",""
"6/11/2019 8:18:33 AM","0.00","1.00",""
"5/11/2019 11:22:33 AM","0.00","0.00",""
"5/11/2019 10:28:53 AM","0.00","1.00",""
"5/11/2019 10:13:53 AM","0.00","0.00",""
"5/11/2019 6:00:03 AM","0.00","1.00",""
"4/11/2019 6:00:03 PM","0.00","0.00",""
"4/11/2019 2:52:33 PM","0.00","1.00",""
"4/11/2019 2:06:03 PM","0.00","0.00",""
"4/11/2019 2:05:33 PM","0.00","1.00",""
"4/11/2019 2:05:23 PM","0.00","0.00",""
"4/11/2019 1:26:33 PM","0.00","1.00",""
"4/11/2019 11:47:43 AM","0.00","0.00",""
"4/11/2019 11:12:43 AM","0.00","1.00",""
"4/11/2019 11:08:33 AM","0.00","0.00",""
"4/11/2019 10:46:43 AM","0.00","1.00",""
"4/11/2019 10:18:33 AM","0.00","0.00",""
"4/11/2019 9:23:03 AM","0.00","1.00",""
"4/11/2019 8:35:13 AM","0.00","0.00",""
"4/11/2019 6:53:03 AM","0.00","1.00",""
"4/11/2019 6:52:23 AM","0.00","0.00",""
"4/11/2019 6:51:53 AM","0.00","1.00",""
"4/11/2019 6:07:43 AM","0.00","0.00",""
"4/11/2019 6:07:33 AM","0.00","1.00",""
"4/11/2019 6:07:23 AM","0.00","0.00",""
"4/11/2019 6:00:03 AM","0.00","1.00",""
"30/10/2019 9:12:03 AM","0.00","0.00",""
"30/10/2019 9:11:53 AM","0.00","1.00",""
"30/10/2019 9:11:43 AM","0.00","0.00",""
"30/10/2019 9:11:13 AM","0.00","1.00",""
"29/10/2019 9:41:03 AM","0.00","0.00",""
"29/10/2019 9:05:03 AM","0.00","1.00",""
"29/10/2019 6:17:13 AM","0.00","0.00",""
"29/10/2019 6:00:03 AM","0.00","1.00",""
"28/10/2019 6:17:13 AM","0.00","0.00",""
"28/10/2019 6:00:03 AM","0.00","1.00",""
"23/10/2019 10:00:43 AM","0.00","0.00",""
"23/10/2019 9:22:33 AM","0.00","1.00",""
"23/10/2019 8:41:03 AM","0.00","0.00",""
"23/10/2019 6:00:03 AM","0.00","1.00",""
"22/10/2019 11:19:53 AM","0.00","0.00",""
"22/10/2019 11:09:43 AM","0.00","1.00",""
"22/10/2019 11:05:43 AM","0.00","0.00",""
"22/10/2019 10:53:03 AM","0.00","1.00",""
"22/10/2019 10:48:03 AM","0.00","0.00",""
"22/10/2019 10:03:13 AM","0.00","1.00",""
"22/10/2019 9:39:33 AM","0.00","0.00",""
"22/10/2019 6:00:03 AM","0.00","1.00",""
"21/10/2019 3:03:23 PM","0.00","0.00",""
"21/10/2019 2:53:13 PM","0.00","1.00",""
"21/10/2019 2:41:03 PM","0.00","0.00",""
"21/10/2019 2:33:53 PM","0.00","1.00",""
"21/10/2019 12:55:43 PM","0.00","0.00",""
"21/10/2019 6:00:03 AM","0.00","1.00",""
"18/10/2019 10:24:03 AM","0.00","0.00",""
"18/10/2019 6:00:03 AM","0.00","1.00",""
"17/10/2019 2:14:33 PM","0.00","0.00",""
"17/10/2019 1:13:03 PM","0.00","1.00",""
"17/10/2019 1:09:23 PM","0.00","0.00",""
"17/10/2019 1:09:03 PM","0.00","1.00",""
"17/10/2019 1:08:53 PM","0.00","0.00",""
"17/10/2019 1:07:43 PM","0.00","1.00",""
"17/10/2019 1:03:23 PM","0.00","0.00",""
"17/10/2019 12:57:33 PM","0.00","1.00",""
"17/10/2019 12:50:33 PM","0.00","0.00",""
"17/10/2019 12:50:23 PM","0.00","1.00",""
"17/10/2019 12:44:33 PM","0.00","0.00",""
"17/10/2019 12:44:23 PM","0.00","1.00",""
"17/10/2019 12:09:33 PM","0.00","0.00",""
"17/10/2019 6:00:03 AM","0.00","1.00",""
"16/10/2019 3:43:53 PM","0.00","0.00",""
"16/10/2019 3:33:13 PM","0.00","1.00",""
"16/10/2019 1:21:43 PM","0.00","0.00",""
"16/10/2019 12:47:13 PM","0.00","1.00",""
"16/10/2019 9:49:03 AM","0.00","0.00",""
"16/10/2019 6:45:13 AM","0.00","1.00",""
"16/10/2019 6:45:03 AM","0.00","0.00",""
"16/10/2019 6:44:53 AM","0.00","1.00",""
"16/10/2019 6:32:43 AM","0.00","0.00",""
"16/10/2019 6:00:03 AM","0.00","1.00",""
"15/10/2019 9:20:03 AM","0.00","0.00",""
"15/10/2019 7:06:23 AM","0.00","1.00",""
"15/10/2019 7:04:53 AM","0.00","0.00",""
"15/10/2019 7:04:43 AM","0.00","1.00",""
"14/10/2019 9:39:13 AM","0.00","0.00",""
"14/10/2019 9:13:03 AM","0.00","1.00",""
"11/10/2019 6:00:03 PM","0.00","0.00",""
"11/10/2019 1:31:03 PM","0.00","1.00",""
"11/10/2019 11:44:53 AM","0.00","0.00",""
"11/10/2019 6:00:03 AM","0.00","1.00",""
"10/10/2019 12:32:43 PM","0.00","0.00",""
"10/10/2019 12:32:23 PM","0.00","1.00",""
"10/10/2019 12:31:53 PM","0.00","0.00",""
"10/10/2019 6:00:03 AM","0.00","1.00",""
"9/10/2019 1:13:13 PM","0.00","0.00",""
"9/10/2019 12:47:33 PM","0.00","1.00",""
"9/10/2019 12:47:13 PM","0.00","0.00",""
"9/10/2019 12:46:23 PM","0.00","1.00",""
"9/10/2019 12:46:03 PM","0.00","0.00",""
"9/10/2019 12:45:53 PM","0.00","1.00",""
"9/10/2019 12:45:23 PM","0.00","0.00",""
"9/10/2019 6:00:03 AM","0.00","1.00",""
"8/10/2019 12:00:53 PM","0.00","0.00",""
"8/10/2019 6:00:03 AM","0.00","1.00",""
"7/10/2019 11:44:53 AM","0.00","0.00",""
"7/10/2019 11:33:33 AM","0.00","1.00",""
"7/10/2019 9:58:23 AM","0.00","0.00",""
"7/10/2019 6:49:03 AM","0.00","1.00",""
"7/10/2019 6:17:03 AM","0.00","0.00",""
"7/10/2019 6:00:03 AM","0.00","1.00",""
"4/10/2019 6:00:03 PM","0.00","0.00",""
"4/10/2019 12:47:33 PM","0.00","1.00",""
"4/10/2019 12:25:53 PM","0.00","0.00",""
"4/10/2019 12:07:43 PM","0.00","1.00",""
"4/10/2019 11:52:33 AM","0.00","0.00",""
"4/10/2019 11:49:53 AM","0.00","1.00",""
"4/10/2019 11:48:13 AM","0.00","0.00",""
"4/10/2019 7:36:53 AM","0.00","1.00",""
"4/10/2019 7:36:43 AM","0.00","0.00",""
"4/10/2019 7:05:03 AM","0.00","1.00",""
"4/10/2019 7:04:13 AM","0.00","0.00",""
"4/10/2019 7:04:03 AM","0.00","1.00",""
"4/10/2019 6:13:33 AM","0.00","0.00",""
"4/10/2019 6:13:23 AM","0.00","1.00",""
"4/10/2019 6:03:03 AM","0.00","0.00",""
"4/10/2019 6:00:03 AM","0.00","1.00",""
"2/10/2019 9:11:23 AM","0.00","0.00",""
"2/10/2019 8:30:33 AM","0.00","1.00",""
"2/10/2019 7:38:03 AM","0.00","0.00",""
"2/10/2019 6:00:03 AM","0.00","1.00",""
"1/10/2019 2:26:43 PM","0.00","0.00",""
"1/10/2019 1:58:13 PM","0.00","1.00",""
"1/10/2019 1:29:23 PM","0.00","0.00",""
"1/10/2019 12:53:03 PM","0.00","1.00",""
"1/10/2019 10:18:33 AM","0.00","0.00",""
"1/10/2019 6:00:03 AM","0.00","1.00",""
"30/09/2019 6:00:03 PM","0.00","0.00",""
"30/09/2019 6:00:03 AM","0.00","1.00",""
"27/09/2019 6:00:03 PM","0.00","0.00",""
"27/09/2019 4:47:13 PM","0.00","1.00",""
"27/09/2019 1:54:13 PM","0.00","0.00",""
"27/09/2019 12:53:23 PM","0.00","1.00",""
"27/09/2019 11:50:03 AM","0.00","0.00",""
"27/09/2019 11:49:53 AM","0.00","1.00",""
"27/09/2019 11:49:23 AM","0.00","0.00",""
"27/09/2019 11:49:13 AM","0.00","1.00",""
"27/09/2019 11:49:03 AM","0.00","0.00",""
"27/09/2019 11:48:53 AM","0.00","1.00",""
"27/09/2019 11:48:43 AM","0.00","0.00",""
"27/09/2019 8:48:13 AM","0.00","1.00",""
"27/09/2019 8:12:23 AM","0.00","0.00",""
"27/09/2019 6:00:03 AM","0.00","1.00",""
"26/09/2019 4:25:53 PM","0.00","0.00",""
"26/09/2019 4:10:13 PM","0.00","1.00",""
"26/09/2019 10:18:03 AM","0.00","0.00",""
"26/09/2019 10:10:13 AM","0.00","1.00",""
"26/09/2019 8:58:23 AM","0.00","0.00",""
"26/09/2019 6:00:03 AM","0.00","1.00",""
"25/09/2019 6:00:03 PM","0.00","0.00",""
"25/09/2019 4:39:53 PM","0.00","1.00",""
"25/09/2019 2:32:43 PM","0.00","0.00",""
"25/09/2019 2:12:23 PM","0.00","1.00",""
"25/09/2019 1:28:53 PM","0.00","0.00",""
"25/09/2019 1:21:53 PM","0.00","1.00",""
"25/09/2019 1:17:03 PM","0.00","0.00",""
"25/09/2019 1:07:43 PM","0.00","1.00",""
"25/09/2019 12:55:43 PM","0.00","0.00",""
"25/09/2019 12:52:13 PM","0.00","1.00",""
"25/09/2019 12:31:13 PM","0.00","0.00",""
"25/09/2019 12:24:53 PM","0.00","1.00",""
"25/09/2019 9:52:33 AM","0.00","0.00",""
"25/09/2019 6:00:03 AM","0.00","1.00",""
"24/09/2019 2:31:03 PM","0.00","0.00",""
"24/09/2019 1:54:23 PM","0.00","1.00",""
"24/09/2019 1:42:23 PM","0.00","0.00",""
"24/09/2019 1:22:33 PM","0.00","1.00",""
"24/09/2019 12:56:03 PM","0.00","0.00",""
"24/09/2019 6:00:03 AM","0.00","1.00",""
"23/09/2019 6:00:03 PM","0.00","0.00",""
"23/09/2019 4:58:23 PM","0.00","1.00",""
"23/09/2019 3:19:13 PM","0.00","0.00",""
"23/09/2019 3:14:33 PM","0.00","1.00",""
"23/09/2019 3:13:43 PM","0.00","0.00",""
"23/09/2019 2:59:13 PM","0.00","1.00",""
"23/09/2019 2:43:33 PM","0.00","0.00",""
"23/09/2019 2:19:43 PM","0.00","1.00",""
"23/09/2019 2:19:23 PM","0.00","0.00",""
"23/09/2019 2:19:13 PM","0.00","1.00",""
"23/09/2019 1:23:43 PM","0.00","0.00",""
"23/09/2019 6:00:03 AM","0.00","1.00",""
"19/09/2019 9:40:13 AM","0.00","0.00",""
"19/09/2019 6:00:03 AM","0.00","1.00",""
"18/09/2019 6:00:03 PM","0.00","0.00",""
"18/09/2019 5:38:23 PM","0.00","1.00",""
"18/09/2019 11:10:23 AM","0.00","0.00",""
"18/09/2019 6:00:03 AM","0.00","1.00",""
"17/09/2019 6:00:03 PM","0.00","0.00",""
"17/09/2019 6:00:03 AM","0.00","1.00",""
"16/09/2019 6:00:03 PM","0.00","0.00",""
"16/09/2019 6:00:03 AM","0.00","1.00",""
"13/09/2019 6:00:03 PM","0.00","0.00",""
"13/09/2019 5:59:33 PM","0.00","1.00",""
"13/09/2019 5:53:23 PM","0.00","0.00",""
"13/09/2019 5:32:53 PM","0.00","1.00",""
"13/09/2019 4:44:23 PM","0.00","0.00",""
"13/09/2019 3:50:53 PM","0.00","1.00",""
"13/09/2019 11:03:43 AM","0.00","0.00",""
"13/09/2019 6:00:03 AM","0.00","1.00",""
"12/09/2019 9:21:33 AM","0.00","0.00",""
"12/09/2019 6:00:03 AM","0.00","1.00",""
"11/09/2019 2:32:53 PM","0.00","0.00",""
"11/09/2019 2:24:53 PM","0.00","1.00",""
"11/09/2019 1:57:23 PM","0.00","0.00",""
"11/09/2019 1:42:13 PM","0.00","1.00",""
"11/09/2019 10:55:33 AM","0.00","0.00",""
"11/09/2019 6:00:03 AM","0.00","1.00",""
"10/09/2019 6:00:03 PM","0.00","0.00",""
"10/09/2019 5:07:23 PM","0.00","1.00",""
"10/09/2019 4:36:33 PM","0.00","0.00",""
"10/09/2019 6:00:03 AM","0.00","1.00",""
"9/09/2019 6:00:03 PM","0.00","0.00",""
"9/09/2019 6:00:03 AM","0.00","1.00",""
"6/09/2019 6:00:03 PM","0.00","0.00",""
"6/09/2019 4:48:13 PM","0.00","1.00",""
"6/09/2019 3:50:23 PM","0.00","0.00",""
"6/09/2019 2:23:13 PM","0.00","1.00",""
"6/09/2019 1:27:03 PM","0.00","0.00",""
"6/09/2019 12:46:03 PM","0.00","1.00",""
"6/09/2019 12:39:13 PM","0.00","0.00",""
"6/09/2019 11:59:03 AM","0.00","1.00",""
"6/09/2019 11:13:43 AM","0.00","0.00",""
"6/09/2019 6:00:03 AM","0.00","1.00",""
"5/09/2019 6:00:03 PM","0.00","0.00",""
"5/09/2019 5:47:53 PM","0.00","1.00",""
"5/09/2019 5:35:53 PM","0.00","0.00",""
"5/09/2019 5:32:23 PM","0.00","1.00",""
"5/09/2019 5:23:53 PM","0.00","0.00",""
"5/09/2019 5:16:13 PM","0.00","1.00",""
"5/09/2019 11:06:23 AM","0.00","0.00",""
"5/09/2019 10:57:33 AM","0.00","1.00",""
"5/09/2019 10:33:13 AM","0.00","0.00",""
"5/09/2019 6:00:03 AM","0.00","1.00",""
"4/09/2019 5:41:03 PM","0.00","0.00",""
"4/09/2019 5:06:53 PM","0.00","1.00",""
"4/09/2019 10:42:23 AM","0.00","0.00",""
"4/09/2019 6:00:03 AM","0.00","1.00",""
"3/09/2019 5:40:23 PM","0.00","0.00",""
"3/09/2019 5:16:03 PM","0.00","1.00",""
"3/09/2019 9:32:13 AM","0.00","0.00",""
"3/09/2019 6:00:03 AM","0.00","1.00",""
"2/09/2019 4:55:53 PM","0.00","0.00",""
"2/09/2019 3:25:43 PM","0.00","1.00",""
"2/09/2019 1:25:33 PM","0.00","0.00",""
"2/09/2019 12:10:53 PM","0.00","1.00",""
"2/09/2019 11:28:33 AM","0.00","0.00",""
"2/09/2019 11:18:43 AM","0.00","1.00",""
"2/09/2019 11:01:53 AM","0.00","0.00",""
"2/09/2019 6:00:03 AM","0.00","1.00",""
"30/08/2019 6:00:03 PM","0.00","0.00",""
"30/08/2019 6:00:03 AM","0.00","1.00",""
"29/08/2019 6:00:03 PM","0.00","0.00",""
"29/08/2019 6:00:03 AM","0.00","1.00",""
"28/08/2019 6:00:03 PM","0.00","0.00",""
"28/08/2019 12:26:23 PM","0.00","1.00",""
"28/08/2019 12:24:53 PM","0.00","0.00",""
"28/08/2019 12:24:23 PM","0.00","1.00",""
"28/08/2019 12:11:33 PM","0.00","0.00",""
"28/08/2019 11:48:03 AM","0.00","1.00",""
"28/08/2019 11:16:03 AM","0.00","0.00",""
"28/08/2019 6:00:03 AM","0.00","1.00",""
"27/08/2019 6:00:03 PM","0.00","0.00",""
"27/08/2019 5:58:43 PM","0.00","1.00",""
"27/08/2019 5:58:23 PM","0.00","0.00",""
"27/08/2019 5:58:13 PM","0.00","1.00",""
"27/08/2019 2:24:13 PM","0.00","0.00",""
"27/08/2019 2:24:03 PM","0.00","1.00",""
"27/08/2019 2:23:53 PM","0.00","0.00",""
"27/08/2019 2:23:33 PM","0.00","1.00",""
"27/08/2019 2:22:43 PM","0.00","0.00",""
"27/08/2019 2:21:53 PM","0.00","1.00",""
"27/08/2019 2:20:53 PM","0.00","0.00",""
"27/08/2019 2:20:03 PM","0.00","1.00",""
"27/08/2019 2:18:33 PM","0.00","0.00",""
"27/08/2019 6:00:03 AM","0.00","1.00",""
"26/08/2019 6:00:03 PM","0.00","0.00",""
"26/08/2019 3:58:23 PM","0.00","1.00",""
"26/08/2019 3:52:13 PM","0.00","0.00",""
"26/08/2019 6:00:03 AM","0.00","1.00",""
"23/08/2019 5:58:03 PM","0.00","0.00",""
"23/08/2019 5:50:13 PM","0.00","1.00",""
"23/08/2019 5:49:53 PM","0.00","0.00",""
"23/08/2019 5:49:43 PM","0.00","1.00",""
"23/08/2019 3:02:23 PM","0.00","0.00",""
"23/08/2019 3:02:13 PM","0.00","1.00",""
"23/08/2019 3:02:03 PM","0.00","0.00",""
"23/08/2019 2:53:53 PM","0.00","1.00",""
"23/08/2019 2:45:53 PM","0.00","0.00",""
"23/08/2019 6:00:03 AM","0.00","1.00",""
"22/08/2019 6:00:03 PM","0.00","0.00",""
"22/08/2019 4:26:33 PM","0.00","1.00",""
"22/08/2019 2:26:43 PM","0.00","0.00",""
"22/08/2019 6:00:03 AM","0.00","1.00",""
"21/08/2019 11:05:13 AM","0.00","0.00",""
"21/08/2019 11:05:03 AM","0.00","1.00",""
"21/08/2019 11:04:43 AM","0.00","0.00",""
"21/08/2019 11:04:23 AM","0.00","1.00",""
"21/08/2019 11:04:13 AM","0.00","0.00",""
"21/08/2019 6:00:03 AM","0.00","1.00",""
"20/08/2019 2:12:13 PM","0.00","0.00",""
"20/08/2019 6:00:03 AM","0.00","1.00",""
"19/08/2019 6:00:03 PM","0.00","0.00",""
"19/08/2019 6:00:03 AM","0.00","1.00",""
"16/08/2019 6:00:03 PM","0.00","0.00",""
"16/08/2019 2:53:03 PM","0.00","1.00",""
"16/08/2019 11:07:53 AM","0.00","0.00",""
"16/08/2019 6:00:03 AM","0.00","1.00",""
"15/08/2019 6:00:03 PM","0.00","0.00",""
"15/08/2019 5:52:13 PM","0.00","1.00",""
"15/08/2019 5:44:43 PM","0.00","0.00",""
"15/08/2019 5:44:23 PM","0.00","1.00",""
"15/08/2019 2:05:33 PM","0.00","0.00",""
"15/08/2019 6:00:03 AM","0.00","1.00",""
"14/08/2019 6:00:03 PM","0.00","0.00",""
"14/08/2019 2:00:13 PM","0.00","1.00",""
"14/08/2019 1:35:33 PM","0.00","0.00",""
"14/08/2019 12:21:03 PM","0.00","1.00",""
"14/08/2019 11:51:03 AM","0.00","0.00",""
"14/08/2019 11:40:03 AM","0.00","1.00",""
"14/08/2019 11:28:43 AM","0.00","0.00",""
"14/08/2019 6:00:03 AM","0.00","1.00",""
"13/08/2019 6:00:03 PM","0.00","0.00",""
"13/08/2019 6:00:03 AM","0.00","1.00",""
"12/08/2019 6:00:03 PM","0.00","0.00",""
"12/08/2019 6:00:03 AM","0.00","1.00",""
"10/08/2019 3:03:05 PM","0.00","0.00",""
"10/08/2019 3:03:01 PM","1.00","0.00",""
"10/08/2019 3:01:24 PM","1.00","0.00",""
"9/08/2019 6:00:09 PM","0.00","0.00",""
"9/08/2019 6:00:09 AM","0.00","1.00",""
"8/08/2019 6:00:09 PM","0.00","0.00",""
"8/08/2019 6:00:09 AM","0.00","1.00",""
"7/08/2019 6:00:09 PM","0.00","0.00",""
"7/08/2019 4:21:39 PM","0.00","1.00",""
"7/08/2019 4:21:19 PM","0.00","0.00",""
"7/08/2019 4:21:09 PM","0.00","1.00",""
"7/08/2019 1:55:29 PM","0.00","0.00",""
"7/08/2019 6:00:09 AM","0.00","1.00",""
"6/08/2019 6:00:09 PM","0.00","0.00",""
"6/08/2019 5:55:59 PM","0.00","1.00",""
"6/08/2019 5:55:49 PM","0.00","0.00",""
"6/08/2019 5:55:19 PM","0.00","1.00",""
"6/08/2019 4:34:49 PM","0.00","0.00",""
"6/08/2019 4:34:29 PM","0.00","1.00",""
"6/08/2019 4:33:49 PM","0.00","0.00",""
"6/08/2019 4:25:49 PM","0.00","1.00",""
"6/08/2019 4:25:09 PM","0.00","0.00",""
"6/08/2019 4:24:49 PM","0.00","1.00",""
"6/08/2019 3:56:09 PM","0.00","0.00",""
"6/08/2019 3:38:59 PM","0.00","1.00",""
"6/08/2019 3:38:39 PM","0.00","0.00",""
"6/08/2019 3:37:49 PM","0.00","1.00",""
"6/08/2019 3:26:29 PM","0.00","0.00",""
"6/08/2019 3:26:19 PM","0.00","1.00",""
"6/08/2019 3:19:09 PM","0.00","0.00",""
"6/08/2019 3:09:59 PM","0.00","1.00",""
"6/08/2019 3:03:19 PM","0.00","0.00",""
"6/08/2019 2:46:09 PM","0.00","1.00",""
"6/08/2019 2:45:49 PM","0.00","0.00",""
"6/08/2019 2:45:29 PM","0.00","1.00",""
"6/08/2019 2:45:19 PM","0.00","0.00",""
"6/08/2019 2:45:09 PM","0.00","1.00",""
"6/08/2019 2:44:59 PM","0.00","0.00",""
"6/08/2019 2:44:19 PM","0.00","1.00",""
"6/08/2019 2:40:29 PM","0.00","0.00",""
"6/08/2019 6:00:09 AM","0.00","1.00",""
"5/08/2019 6:00:09 PM","0.00","0.00",""
"5/08/2019 4:08:39 PM","0.00","1.00",""
"5/08/2019 2:58:39 PM","0.00","0.00",""
"5/08/2019 1:07:29 PM","0.00","1.00",""
"5/08/2019 11:17:29 AM","0.00","0.00",""
"5/08/2019 10:54:59 AM","0.00","1.00",""
"5/08/2019 10:45:39 AM","0.00","0.00",""
"5/08/2019 10:17:29 AM","0.00","1.00",""
"5/08/2019 10:07:29 AM","0.00","0.00",""
"5/08/2019 6:00:09 AM","0.00","1.00",""
"5/08/2019 12:00:09 AM","0.00","0.00",""
"3/08/2019 12:00:09 AM","0.00","1.00",""
"2/08/2019 6:00:09 PM","0.00","0.00",""
"2/08/2019 11:48:29 AM","0.00","1.00",""
"2/08/2019 11:41:59 AM","0.00","0.00",""
"2/08/2019 6:00:09 AM","0.00","1.00",""
"1/08/2019 6:00:09 PM","0.00","0.00",""
"1/08/2019 1:37:09 PM","0.00","1.00",""
"1/08/2019 1:00:49 PM","0.00","0.00",""
"1/08/2019 12:24:59 PM","0.00","1.00",""
"1/08/2019 12:05:59 PM","0.00","0.00",""
"1/08/2019 6:00:09 AM","0.00","1.00",""
"31/07/2019 6:00:09 PM","0.00","0.00",""
"31/07/2019 6:00:09 AM","0.00","1.00",""
"30/07/2019 6:00:09 PM","0.00","0.00",""
"30/07/2019 6:00:09 AM","0.00","1.00",""
"29/07/2019 6:00:09 PM","0.00","0.00",""
"29/07/2019 2:35:59 PM","0.00","1.00",""
"29/07/2019 1:11:19 PM","0.00","0.00",""
"29/07/2019 11:44:09 AM","0.00","1.00",""
"29/07/2019 11:36:09 AM","0.00","0.00",""
"29/07/2019 11:27:59 AM","0.00","1.00",""
"29/07/2019 11:19:29 AM","0.00","0.00",""
"29/07/2019 6:00:09 AM","0.00","1.00",""
"26/07/2019 6:00:09 PM","0.00","0.00",""
"26/07/2019 3:31:49 PM","0.00","1.00",""
"26/07/2019 2:44:49 PM","0.00","0.00",""
"26/07/2019 1:59:19 PM","0.00","1.00",""
"26/07/2019 1:25:59 PM","0.00","0.00",""
"26/07/2019 12:59:39 PM","0.00","1.00",""
"26/07/2019 12:54:49 PM","0.00","0.00",""
"26/07/2019 12:52:09 PM","0.00","1.00",""
"26/07/2019 12:14:59 PM","0.00","0.00",""
"26/07/2019 11:58:29 AM","0.00","1.00",""
"26/07/2019 11:51:59 AM","0.00","0.00",""
"26/07/2019 6:00:09 AM","0.00","1.00",""
"25/07/2019 6:00:09 PM","0.00","0.00",""
"25/07/2019 1:56:39 PM","0.00","1.00",""
"25/07/2019 1:45:59 PM","0.00","0.00",""
"25/07/2019 1:29:59 PM","0.00","1.00",""
"25/07/2019 12:49:59 PM","0.00","0.00",""
"25/07/2019 12:05:09 PM","0.00","1.00",""
"25/07/2019 11:58:59 AM","0.00","0.00",""
"25/07/2019 6:00:09 AM","0.00","1.00",""
"24/07/2019 6:00:09 PM","0.00","0.00",""
"24/07/2019 3:11:59 PM","0.00","1.00",""
"24/07/2019 1:41:49 PM","0.00","0.00",""
"24/07/2019 1:13:39 PM","0.00","1.00",""
"24/07/2019 1:10:09 PM","0.00","0.00",""
"24/07/2019 6:00:09 AM","0.00","1.00",""
"23/07/2019 6:00:09 PM","0.00","0.00",""
"23/07/2019 6:00:09 AM","0.00","1.00",""
"22/07/2019 6:00:09 PM","0.00","0.00",""
"22/07/2019 12:47:29 PM","0.00","1.00",""
"22/07/2019 12:42:59 PM","0.00","0.00",""
"22/07/2019 6:00:09 AM","0.00","1.00",""
"19/07/2019 6:00:09 PM","0.00","0.00",""
"19/07/2019 4:36:59 PM","0.00","1.00",""
"19/07/2019 4:21:59 PM","0.00","0.00",""
"19/07/2019 3:58:59 PM","0.00","1.00",""
"19/07/2019 3:43:49 PM","0.00","0.00",""
"19/07/2019 3:10:19 PM","0.00","1.00",""
"19/07/2019 3:04:29 PM","0.00","0.00",""
"19/07/2019 2:52:39 PM","0.00","1.00",""
"19/07/2019 2:15:59 PM","0.00","0.00",""
"19/07/2019 2:09:59 PM","0.00","1.00",""
"19/07/2019 1:55:29 PM","0.00","0.00",""
"19/07/2019 1:50:29 PM","0.00","1.00",""
"19/07/2019 1:12:49 PM","0.00","0.00",""
"19/07/2019 6:00:09 AM","0.00","1.00",""
"18/07/2019 6:00:09 PM","0.00","0.00",""
"18/07/2019 1:51:39 PM","0.00","1.00",""
"18/07/2019 1:13:29 PM","0.00","0.00",""
"18/07/2019 12:58:09 PM","0.00","1.00",""
"18/07/2019 12:30:09 PM","0.00","0.00",""
"18/07/2019 12:12:49 PM","0.00","1.00",""
"18/07/2019 12:01:29 PM","0.00","0.00",""
"18/07/2019 6:00:09 AM","0.00","1.00",""
"17/07/2019 6:00:09 PM","0.00","0.00",""
"17/07/2019 6:00:09 AM","0.00","1.00",""
"16/07/2019 6:00:09 PM","0.00","0.00",""
"16/07/2019 6:00:09 AM","0.00","1.00",""
"15/07/2019 6:00:09 PM","0.00","0.00",""
"15/07/2019 6:00:09 AM","0.00","1.00",""
"12/07/2019 6:00:09 PM","0.00","0.00",""
"12/07/2019 6:00:09 AM","0.00","1.00",""
"11/07/2019 6:00:09 PM","0.00","0.00",""
"11/07/2019 6:00:09 AM","0.00","1.00",""
"10/07/2019 6:00:09 PM","0.00","0.00",""
"10/07/2019 6:00:09 AM","0.00","1.00",""
"9/07/2019 6:00:09 PM","0.00","0.00",""
"9/07/2019 2:04:19 PM","0.00","1.00",""
"9/07/2019 1:55:19 PM","0.00","0.00",""
"9/07/2019 1:52:49 PM","0.00","1.00",""
"9/07/2019 1:50:19 PM","0.00","0.00",""
"9/07/2019 11:58:19 AM","0.00","1.00",""
"9/07/2019 11:34:49 AM","0.00","0.00",""
"9/07/2019 6:00:09 AM","0.00","1.00",""
"8/07/2019 6:00:09 PM","0.00","0.00",""
"8/07/2019 6:00:09 AM","0.00","1.00",""
"5/07/2019 6:00:09 PM","0.00","0.00",""
"5/07/2019 5:27:59 PM","0.00","1.00",""
"5/07/2019 12:17:19 PM","0.00","0.00",""
"5/07/2019 6:00:09 AM","0.00","1.00",""
"4/07/2019 6:00:09 PM","0.00","0.00",""
"4/07/2019 6:00:09 AM","0.00","1.00",""
"3/07/2019 6:00:09 PM","0.00","0.00",""
"3/07/2019 1:57:19 PM","0.00","1.00",""
"3/07/2019 12:51:49 PM","0.00","0.00",""
"3/07/2019 6:00:09 AM","0.00","1.00",""
"2/07/2019 9:38:29 AM","0.00","0.00",""
"2/07/2019 6:00:09 AM","0.00","1.00",""
"1/07/2019 6:00:09 PM","0.00","0.00",""
"1/07/2019 6:00:09 AM","0.00","1.00",""
"28/06/2019 6:00:09 PM","0.00","0.00",""
"28/06/2019 5:54:49 PM","0.00","1.00",""
"28/06/2019 5:44:49 PM","0.00","0.00",""
"28/06/2019 5:18:59 PM","0.00","1.00",""
"28/06/2019 1:42:59 PM","0.00","0.00",""
"28/06/2019 11:44:49 AM","0.00","1.00",""
"28/06/2019 11:41:39 AM","0.00","0.00",""
"28/06/2019 11:19:29 AM","0.00","1.00",""
"28/06/2019 9:38:49 AM","0.00","0.00",""
"28/06/2019 6:00:09 AM","0.00","1.00",""
"24/06/2019 6:00:09 PM","0.00","0.00",""
"24/06/2019 6:00:09 AM","0.00","1.00",""
"21/06/2019 6:00:09 PM","0.00","0.00",""
"21/06/2019 6:00:09 AM","0.00","1.00",""
"20/06/2019 6:00:09 PM","0.00","0.00",""
"20/06/2019 6:00:09 AM","0.00","1.00",""
"19/06/2019 6:00:09 PM","0.00","0.00",""
"19/06/2019 6:00:09 AM","0.00","1.00",""
"18/06/2019 6:00:09 PM","0.00","0.00",""
"18/06/2019 6:00:09 AM","0.00","1.00",""
"17/06/2019 6:00:09 PM","0.00","0.00",""
"17/06/2019 4:38:09 PM","0.00","1.00",""
"17/06/2019 11:34:19 AM","0.00","0.00",""
"17/06/2019 6:00:09 AM","0.00","1.00",""
"14/06/2019 6:00:09 PM","0.00","0.00",""
"14/06/2019 5:22:49 PM","0.00","1.00",""
"14/06/2019 4:58:59 PM","0.00","0.00",""
"14/06/2019 4:40:49 PM","0.00","1.00",""
"14/06/2019 2:53:09 PM","0.00","0.00",""
"14/06/2019 2:17:29 PM","0.00","1.00",""
"14/06/2019 1:32:19 PM","0.00","0.00",""
"14/06/2019 12:21:59 PM","0.00","1.00",""
"14/06/2019 12:15:39 PM","0.00","0.00",""
"14/06/2019 11:50:39 AM","0.00","1.00",""
"14/06/2019 11:38:49 AM","0.00","0.00",""
"14/06/2019 10:15:39 AM","0.00","1.00",""
"14/06/2019 10:11:39 AM","0.00","0.00",""
"14/06/2019 6:00:09 AM","0.00","1.00",""
"13/06/2019 6:00:09 PM","0.00","0.00",""
"13/06/2019 4:57:19 PM","0.00","1.00",""
"13/06/2019 1:16:59 PM","0.00","0.00",""
"13/06/2019 1:10:19 PM","0.00","1.00",""
"13/06/2019 1:05:19 PM","0.00","0.00",""
"13/06/2019 1:05:09 PM","0.00","1.00",""
"13/06/2019 1:00:19 PM","0.00","0.00",""
"13/06/2019 6:00:09 AM","0.00","1.00",""
"12/06/2019 9:16:19 AM","0.00","0.00",""
"12/06/2019 8:30:29 AM","0.00","1.00",""
"12/06/2019 7:33:49 AM","0.00","0.00",""
"12/06/2019 6:42:29 AM","0.00","1.00",""
"12/06/2019 6:08:59 AM","0.00","0.00",""
"12/06/2019 6:00:09 AM","0.00","1.00",""
"11/06/2019 5:16:49 PM","0.00","0.00",""
"11/06/2019 4:50:29 PM","0.00","1.00",""
"11/06/2019 12:42:09 PM","0.00","0.00",""
"11/06/2019 11:17:09 AM","0.00","1.00",""
"11/06/2019 10:49:29 AM","0.00","0.00",""
"11/06/2019 10:34:09 AM","0.00","1.00",""
"11/06/2019 10:27:49 AM","0.00","0.00",""
"11/06/2019 6:00:09 AM","0.00","1.00",""
"10/06/2019 3:37:39 PM","0.00","0.00",""
"10/06/2019 3:37:29 PM","0.00","1.00",""
"10/06/2019 3:25:09 PM","0.00","0.00",""
"10/06/2019 3:24:59 PM","0.00","1.00",""
"10/06/2019 3:24:09 PM","0.00","0.00",""
"10/06/2019 3:23:09 PM","0.00","1.00",""
"10/06/2019 3:22:59 PM","0.00","0.00",""
"10/06/2019 3:22:49 PM","0.00","1.00",""
"10/06/2019 1:59:49 PM","0.00","0.00",""
"10/06/2019 1:59:29 PM","0.00","1.00",""
"10/06/2019 1:59:19 PM","0.00","0.00",""
"10/06/2019 1:39:49 PM","0.00","1.00",""
"10/06/2019 1:39:39 PM","0.00","0.00",""
"10/06/2019 1:39:19 PM","0.00","1.00",""
"10/06/2019 1:35:19 PM","0.00","0.00",""
"10/06/2019 12:53:29 PM","0.00","1.00",""
"10/06/2019 12:53:09 PM","0.00","0.00",""
"10/06/2019 12:52:59 PM","0.00","1.00",""
"10/06/2019 12:40:09 PM","0.00","0.00",""
"10/06/2019 12:35:19 PM","0.00","1.00",""
"10/06/2019 12:34:39 PM","0.00","0.00",""
"10/06/2019 12:34:29 PM","0.00","1.00",""
"10/06/2019 12:34:19 PM","0.00","0.00",""
"10/06/2019 12:34:09 PM","0.00","1.00",""
"10/06/2019 10:45:19 AM","0.00","0.00",""
"10/06/2019 10:44:49 AM","0.00","1.00",""
"10/06/2019 10:44:39 AM","0.00","0.00",""
"10/06/2019 6:00:09 AM","0.00","1.00",""
"7/06/2019 6:00:09 PM","0.00","0.00",""
"7/06/2019 3:14:49 PM","0.00","1.00",""
"7/06/2019 1:04:49 PM","0.00","0.00",""
"7/06/2019 11:38:29 AM","0.00","1.00",""
"7/06/2019 10:46:09 AM","0.00","0.00",""
"7/06/2019 6:00:09 AM","0.00","1.00",""
"6/06/2019 6:00:09 PM","0.00","0.00",""
"6/06/2019 2:00:09 PM","0.00","1.00",""
"6/06/2019 1:50:39 PM","0.00","0.00",""
"6/06/2019 12:45:49 PM","0.00","1.00",""
"6/06/2019 12:41:09 PM","0.00","0.00",""
"6/06/2019 6:00:09 AM","0.00","1.00",""
"5/06/2019 6:00:09 PM","0.00","0.00",""
"5/06/2019 6:00:09 AM","0.00","1.00",""
"4/06/2019 6:00:09 PM","0.00","0.00",""
"4/06/2019 6:00:09 AM","0.00","1.00",""
"4/06/2019 12:32:19 AM","0.00","0.00",""
"4/06/2019 12:32:15 AM","0.00","0.00",""
"3/06/2019 6:00:09 PM","0.00","0.00",""
"3/06/2019 6:00:09 AM","0.00","1.00",""
"2/06/2019 10:40:43 PM","0.00","0.00",""
"2/06/2019 10:40:40 PM","0.00","0.00",""
"31/05/2019 6:00:00 PM","0.00","0.00",""
"31/05/2019 6:00:00 AM","0.00","1.00",""
"30/05/2019 6:00:00 PM","0.00","0.00",""
"30/05/2019 6:00:00 AM","0.00","1.00",""
"29/05/2019 6:00:00 PM","0.00","0.00",""
"29/05/2019 6:00:00 AM","0.00","1.00",""
"28/05/2019 10:29:40 AM","0.00","0.00",""
"28/05/2019 6:00:00 AM","0.00","1.00",""
"27/05/2019 6:00:00 PM","0.00","0.00",""
"27/05/2019 6:00:00 AM","0.00","1.00",""
"24/05/2019 1:24:40 PM","0.00","0.00",""
"24/05/2019 1:08:10 PM","0.00","1.00",""
"24/05/2019 12:54:50 PM","0.00","0.00",""
"24/05/2019 12:40:30 PM","0.00","1.00",""
"24/05/2019 12:36:00 PM","0.00","0.00",""
"24/05/2019 12:16:00 PM","0.00","1.00",""
"24/05/2019 11:43:00 AM","0.00","0.00",""
"24/05/2019 11:42:50 AM","0.00","1.00",""
"24/05/2019 11:38:10 AM","0.00","0.00",""
"24/05/2019 10:53:10 AM","0.00","1.00",""
"24/05/2019 8:59:40 AM","0.00","0.00",""
"24/05/2019 8:29:20 AM","0.00","1.00",""
"24/05/2019 8:10:30 AM","0.00","0.00",""
"24/05/2019 8:05:50 AM","0.00","1.00",""
"23/05/2019 5:37:20 PM","0.00","0.00",""
"23/05/2019 5:29:40 PM","0.00","1.00",""
"23/05/2019 12:00:00 PM","0.00","0.00",""
"23/05/2019 11:55:00 AM","0.00","1.00",""
"23/05/2019 11:45:10 AM","0.00","0.00",""
"23/05/2019 11:26:40 AM","0.00","1.00",""
"23/05/2019 11:13:00 AM","0.00","0.00",""
"23/05/2019 10:57:30 AM","0.00","1.00",""
"23/05/2019 9:24:10 AM","0.00","0.00",""
"23/05/2019 9:20:40 AM","0.00","1.00",""
"23/05/2019 9:20:20 AM","0.00","0.00",""
"23/05/2019 9:20:10 AM","0.00","1.00",""
"23/05/2019 9:07:00 AM","0.00","0.00",""
"23/05/2019 6:00:00 AM","0.00","1.00",""
"22/05/2019 6:00:00 PM","0.00","0.00",""
"22/05/2019 5:52:40 PM","0.00","1.00",""
"22/05/2019 9:22:10 AM","0.00","0.00",""
"22/05/2019 9:22:00 AM","0.00","1.00",""
"22/05/2019 9:21:30 AM","0.00","0.00",""
"22/05/2019 6:00:00 AM","0.00","1.00",""
"21/05/2019 6:00:00 PM","0.00","0.00",""
"21/05/2019 5:52:40 PM","0.00","1.00",""
"21/05/2019 1:25:20 PM","0.00","0.00",""
"21/05/2019 1:10:10 PM","0.00","1.00",""
"21/05/2019 9:03:10 AM","0.00","0.00",""
"21/05/2019 6:00:00 AM","0.00","1.00",""
"20/05/2019 5:47:00 PM","0.00","0.00",""
"20/05/2019 5:41:10 PM","0.00","1.00",""
"20/05/2019 3:12:50 PM","0.00","0.00",""
"20/05/2019 3:05:50 PM","0.00","1.00",""
"20/05/2019 12:56:10 PM","0.00","0.00",""
"20/05/2019 12:33:10 PM","0.00","1.00",""
"20/05/2019 11:28:50 AM","0.00","0.00",""
"20/05/2019 10:50:50 AM","0.00","1.00",""
"20/05/2019 10:37:00 AM","0.00","0.00",""
"20/05/2019 10:32:10 AM","0.00","1.00",""
"20/05/2019 7:52:00 AM","0.00","0.00",""
"20/05/2019 6:12:00 AM","0.00","1.00",""
"20/05/2019 6:08:30 AM","0.00","0.00",""
"20/05/2019 6:00:00 AM","0.00","1.00",""
"17/05/2019 6:00:00 PM","0.00","0.00",""
"17/05/2019 4:55:00 PM","0.00","1.00",""
"17/05/2019 10:28:40 AM","0.00","0.00",""
"17/05/2019 6:00:00 AM","0.00","1.00",""
"16/05/2019 6:00:00 PM","0.00","0.00",""
"16/05/2019 4:17:40 PM","0.00","1.00",""
"16/05/2019 4:15:20 PM","0.00","0.00",""
"16/05/2019 4:04:20 PM","0.00","1.00",""
"16/05/2019 3:57:50 PM","0.00","0.00",""
"16/05/2019 3:50:30 PM","0.00","1.00",""
"16/05/2019 3:43:40 PM","0.00","0.00",""
"16/05/2019 3:36:20 PM","0.00","1.00",""
"16/05/2019 2:44:40 PM","0.00","0.00",""
"16/05/2019 2:34:00 PM","0.00","1.00",""
"16/05/2019 2:19:50 PM","0.00","0.00",""
"16/05/2019 2:14:00 PM","0.00","1.00",""
"16/05/2019 9:39:20 AM","0.00","0.00",""
"3/04/2019 2:59:20 AM","0.00","",""
"3/03/2019 4:55:04 AM","0.00","",""
"9/01/2019 9:21:31 AM","0.00","",""
"16/12/2018 1:45:31 AM","0.00","",""
"19/08/2018 1:01:56 PM","0.00","",""
"19/08/2018 7:09:31 AM","1.00","",""
"17/12/2017 6:09:38 PM","0.00","",""
"14/12/2017 5:30:06 AM","0.00","",""
"14/12/2017 5:22:29 AM","1.00","",""
"13/12/2017 10:10:58 AM","0.00","",""
"13/12/2017 9:54:53 AM","1.00","",""
"28/11/2017 7:59:19 AM","0.00","",""
"28/11/2017 7:32:41 AM","1.00","",""
"10/11/2017 1:15:32 PM","0.00","",""
"2/11/2017 2:17:02 PM","0.00","",""
"20/10/2017 10:20:57 AM","0.00","",""
"20/10/2017 8:21:38 AM","0.00","",""
"18/10/2017 12:05:18 PM","0.00","",""
"11/10/2017 2:22:00 PM","0.00","",""
