"Timestamp","GM92-08 LTB DHW Hour Meter Extended Trend Log","GM92-07 LTB Boilers Hour Meter Extended Trend Log"
"23/03/2020 4:00:00 PM","1.01","24.00"
"23/03/2020 3:00:00 PM","0.98","24.00"
"23/03/2020 2:00:00 PM","1.01","24.00"
"23/03/2020 1:00:00 PM","1.09","24.00"
"23/03/2020 12:00:00 PM","1.29","24.00"
"23/03/2020 11:00:00 AM","1.86","24.00"
"23/03/2020 10:00:00 AM","1.06","24.00"
"23/03/2020 9:00:00 AM","0.00","24.00"
"23/03/2020 8:00:00 AM","0.00","24.00"
"23/03/2020 7:00:00 AM","0.00","23.00"
"23/03/2020 6:00:00 AM","0.00","15.00"
"23/03/2020 5:00:00 AM","0.00","13.00"
"23/03/2020 4:00:00 AM","0.00","8.00"
"23/03/2020 3:00:00 AM","0.00","8.00"
"23/03/2020 2:00:00 AM","0.00","9.00"
"23/03/2020 1:00:00 AM","0.00","9.00"
"23/03/2020 12:00:00 AM","0.00","8.00"
"22/03/2020 11:00:00 PM","0.00","7.00"
"22/03/2020 10:00:00 PM","0.00","7.00"
"22/03/2020 9:00:00 PM","0.00","5.00"
"22/03/2020 8:00:00 PM","0.00","7.00"
"22/03/2020 7:00:00 PM","0.00","5.00"
"22/03/2020 6:00:00 PM","0.00","6.00"
"22/03/2020 5:00:00 PM","0.00","5.00"
"22/03/2020 4:00:00 PM","0.00","5.00"
"22/03/2020 3:00:00 PM","0.00","6.00"
"22/03/2020 2:00:00 PM","0.00","5.00"
"22/03/2020 1:00:00 PM","0.00","7.00"
"22/03/2020 12:00:00 PM","0.00","10.00"
"22/03/2020 11:00:00 AM","0.00","8.00"
"22/03/2020 10:00:00 AM","0.00","9.00"
"22/03/2020 9:00:00 AM","0.00","9.00"
"22/03/2020 8:00:00 AM","0.00","9.00"
"22/03/2020 7:00:00 AM","0.00","9.00"
"22/03/2020 6:00:00 AM","0.00","7.00"
"22/03/2020 5:00:00 AM","0.00","4.00"
"22/03/2020 4:00:00 AM","0.00","6.00"
"22/03/2020 3:00:00 AM","0.00","6.00"
"22/03/2020 2:00:00 AM","0.00","5.00"
"22/03/2020 1:00:00 AM","0.00","5.00"
"22/03/2020 12:00:00 AM","0.00","5.00"
"21/03/2020 11:00:00 PM","0.00","6.00"
"21/03/2020 10:00:00 PM","0.00","5.00"
"21/03/2020 9:00:00 PM","0.00","3.00"
"21/03/2020 8:00:00 PM","0.00","6.00"
"21/03/2020 7:00:00 PM","0.00","4.00"
"21/03/2020 6:00:00 PM","0.00","3.00"
"21/03/2020 5:00:00 PM","0.00","3.00"
"21/03/2020 4:00:00 PM","0.00","5.00"
"21/03/2020 3:00:00 PM","0.00","5.00"
"21/03/2020 2:00:00 PM","0.00","3.00"
"21/03/2020 1:00:00 PM","0.00","7.00"
"21/03/2020 12:00:00 PM","0.00","7.00"
"21/03/2020 11:00:00 AM","0.00","4.00"
"21/03/2020 10:00:00 AM","0.00","7.00"
"21/03/2020 9:00:00 AM","0.00","8.00"
"21/03/2020 8:00:00 AM","0.00","8.00"
"21/03/2020 7:00:00 AM","0.00","7.00"
"21/03/2020 6:00:00 AM","0.00","4.00"
"21/03/2020 5:00:00 AM","0.00","4.00"
"21/03/2020 4:00:00 AM","0.00","6.00"
"21/03/2020 3:00:00 AM","0.00","3.00"
"21/03/2020 2:00:00 AM","0.00","4.00"
"21/03/2020 1:00:00 AM","0.00","6.00"
"21/03/2020 12:00:00 AM","0.00","4.00"
"20/03/2020 11:00:00 PM","0.00","4.00"
"20/03/2020 10:00:00 PM","0.00","5.00"
"20/03/2020 9:00:00 PM","0.00","3.00"
"20/03/2020 8:00:00 PM","0.00","3.00"
"20/03/2020 7:00:00 PM","0.00","8.00"
"20/03/2020 6:00:00 PM","0.00","3.00"
"20/03/2020 5:00:00 PM","0.00","3.00"
"20/03/2020 4:00:00 PM","0.00","5.00"
"20/03/2020 3:00:00 PM","0.00","5.00"
"20/03/2020 2:00:00 PM","0.00","3.00"
"20/03/2020 1:00:00 PM","0.00","3.00"
"20/03/2020 12:00:00 PM","0.00","4.00"
"20/03/2020 11:00:00 AM","0.00","7.00"
"20/03/2020 10:00:00 AM","0.00","3.00"
"20/03/2020 9:00:00 AM","0.00","8.00"
"20/03/2020 8:00:00 AM","0.00","7.00"
"20/03/2020 7:00:00 AM","0.00","0.00"
"20/03/2020 6:00:00 AM","0.00","3.00"
"20/03/2020 5:00:00 AM","0.00","3.00"
"20/03/2020 4:00:00 AM","0.00","3.00"
"20/03/2020 3:00:00 AM","0.00","3.00"
"20/03/2020 2:00:00 AM","0.00","3.00"
"20/03/2020 1:00:00 AM","0.00","3.00"
"20/03/2020 12:00:00 AM","0.00","3.00"
"19/03/2020 11:00:00 PM","0.00","4.00"
"19/03/2020 10:00:00 PM","0.00","3.00"
"19/03/2020 9:00:00 PM","0.00","3.00"
"19/03/2020 8:00:00 PM","0.00","3.00"
"19/03/2020 7:00:00 PM","0.00","0.00"
"19/03/2020 6:00:00 PM","0.00","3.00"
"19/03/2020 5:00:00 PM","0.00","3.00"
"19/03/2020 4:00:00 PM","0.00","3.00"
"19/03/2020 3:00:00 PM","0.00","0.00"
"19/03/2020 2:00:00 PM","0.00","3.00"
"19/03/2020 1:00:00 PM","0.00","3.00"
"19/03/2020 12:00:00 PM","0.00","4.00"
"19/03/2020 11:00:00 AM","0.00","3.00"
"19/03/2020 10:00:00 AM","0.00","3.00"
"19/03/2020 9:00:00 AM","0.00","3.00"
"19/03/2020 8:00:00 AM","0.00","3.00"
"19/03/2020 7:00:00 AM","0.00","3.00"
"19/03/2020 6:00:00 AM","0.00","4.00"
"19/03/2020 5:00:00 AM","0.00","3.00"
"19/03/2020 4:00:00 AM","0.00","1.00"
"19/03/2020 3:00:00 AM","0.00","2.00"
"19/03/2020 2:00:00 AM","0.00","3.00"
"19/03/2020 1:00:00 AM","0.00","3.00"
"19/03/2020 12:00:00 AM","0.00","3.00"
"18/03/2020 11:00:00 PM","0.00","3.00"
"18/03/2020 10:00:00 PM","0.00","4.00"
"18/03/2020 9:00:00 PM","0.00","3.00"
"18/03/2020 8:00:00 PM","0.00","3.00"
"18/03/2020 7:00:00 PM","0.00","3.00"
"18/03/2020 6:00:00 PM","0.00","4.00"
"18/03/2020 5:00:00 PM","0.00","0.00"
"18/03/2020 4:00:00 PM","0.00","3.00"
"18/03/2020 3:00:00 PM","0.00","3.00"
"18/03/2020 2:00:00 PM","0.00","3.00"
"18/03/2020 1:00:00 PM","0.00","3.00"
"18/03/2020 12:00:00 PM","0.00","3.00"
"18/03/2020 11:00:00 AM","0.00","7.00"
"18/03/2020 10:00:00 AM","0.00","4.00"
"18/03/2020 9:00:00 AM","0.00","3.00"
"18/03/2020 8:00:00 AM","0.00","3.00"
"18/03/2020 7:00:00 AM","0.00","3.00"
"18/03/2020 6:00:00 AM","0.00","4.00"
"18/03/2020 5:00:00 AM","0.00","3.00"
"18/03/2020 4:00:00 AM","0.00","0.00"
"18/03/2020 3:00:00 AM","0.00","3.00"
"18/03/2020 2:00:00 AM","0.00","3.00"
"18/03/2020 1:00:00 AM","0.00","3.00"
"18/03/2020 12:00:00 AM","0.00","3.00"
"17/03/2020 11:00:00 PM","0.00","3.00"
"17/03/2020 10:00:00 PM","0.00","4.00"
"17/03/2020 9:00:00 PM","0.00","3.00"
"17/03/2020 8:00:00 PM","0.00","3.00"
"17/03/2020 7:00:00 PM","0.00","3.00"
"17/03/2020 6:00:00 PM","0.00","4.00"
"17/03/2020 5:00:00 PM","0.00","3.00"
"17/03/2020 4:00:00 PM","0.00","3.00"
"17/03/2020 3:00:00 PM","0.00","3.00"
"17/03/2020 2:00:00 PM","0.00","6.00"
"17/03/2020 1:00:00 PM","0.00","5.00"
"17/03/2020 12:00:00 PM","0.00","7.00"
"17/03/2020 11:00:00 AM","0.00","5.00"
"17/03/2020 10:00:00 AM","0.00","7.00"
"17/03/2020 9:00:00 AM","0.00","10.00"
"17/03/2020 8:00:00 AM","0.00","10.00"
"17/03/2020 7:00:00 AM","0.00","9.00"
"17/03/2020 6:00:00 AM","0.00","8.00"
"17/03/2020 5:00:00 AM","0.00","5.00"
"17/03/2020 4:00:00 AM","0.00","6.00"
"17/03/2020 3:00:00 AM","0.00","5.00"
"17/03/2020 2:00:00 AM","0.00","6.00"
"17/03/2020 1:00:00 AM","0.00","3.00"
"17/03/2020 12:00:00 AM","0.00","3.00"
"16/03/2020 11:00:00 PM","0.00","7.00"
"16/03/2020 10:00:00 PM","0.00","4.00"
"16/03/2020 9:00:00 PM","0.00","3.00"
"16/03/2020 8:00:00 PM","0.00","3.00"
"16/03/2020 7:00:00 PM","0.00","7.00"
"16/03/2020 6:00:00 PM","0.00","4.00"
"16/03/2020 5:00:00 PM","0.00","3.00"
"16/03/2020 4:00:00 PM","0.00","8.00"
"16/03/2020 3:00:00 PM","0.00","7.00"
"16/03/2020 2:00:00 PM","0.00","8.00"
"16/03/2020 1:00:00 PM","0.00","9.00"
"16/03/2020 12:00:00 PM","0.00","12.00"
"16/03/2020 11:00:00 AM","0.00","24.00"
"16/03/2020 10:00:00 AM","0.00","29.00"
"16/03/2020 9:00:00 AM","0.00","36.00"
"16/03/2020 8:00:00 AM","0.00","39.00"
"16/03/2020 7:00:00 AM","0.00","31.00"
"16/03/2020 6:00:00 AM","0.00","24.00"
"16/03/2020 5:00:00 AM","0.00","19.00"
"16/03/2020 4:00:00 AM","0.00","15.00"
"16/03/2020 3:00:00 AM","0.00","12.00"
"16/03/2020 2:00:00 AM","0.00","12.00"
"16/03/2020 1:00:00 AM","0.00","13.00"
"16/03/2020 12:00:00 AM","0.00","12.00"
"15/03/2020 11:00:00 PM","0.00","11.00"
"15/03/2020 10:00:00 PM","0.00","10.00"
"15/03/2020 9:00:00 PM","0.00","10.00"
"15/03/2020 8:00:00 PM","0.00","11.00"
"15/03/2020 7:00:00 PM","0.00","8.00"
"15/03/2020 6:00:00 PM","0.00","8.00"
"15/03/2020 5:00:00 PM","0.00","10.00"
"15/03/2020 4:00:00 PM","0.00","9.00"
"15/03/2020 3:00:00 PM","0.00","11.00"
"15/03/2020 2:00:00 PM","0.00","10.00"
"15/03/2020 1:00:00 PM","0.00","45.00"
"15/03/2020 12:00:00 PM","0.00","1.00"
"15/03/2020 11:00:00 AM","0.00","0.00"
"15/03/2020 10:00:00 AM","0.00","0.00"
"15/03/2020 9:00:00 AM","0.00","0.00"
"15/03/2020 8:00:00 AM","0.00","0.00"
"15/03/2020 7:00:00 AM","0.00","0.00"
"15/03/2020 6:00:01 AM","0.00","0.00"
"15/03/2020 5:00:00 AM","0.00","0.00"
"15/03/2020 4:00:00 AM","0.00","0.00"
"15/03/2020 3:00:00 AM","0.00","0.00"
"15/03/2020 2:00:00 AM","0.00","0.00"
"15/03/2020 1:00:00 AM","0.00","0.00"
"15/03/2020 12:00:00 AM","0.00","0.00"
"14/03/2020 11:00:00 PM","0.00","0.00"
"14/03/2020 10:00:00 PM","0.00","0.00"
"14/03/2020 9:00:00 PM","0.00","0.00"
"14/03/2020 8:00:00 PM","0.00","0.00"
"14/03/2020 7:00:00 PM","0.00","0.00"
"14/03/2020 6:00:00 PM","0.00","0.00"
"14/03/2020 5:00:00 PM","0.00","0.00"
"14/03/2020 4:00:00 PM","0.02","0.00"
"14/03/2020 3:00:00 PM","0.04","0.00"
"14/03/2020 2:00:00 PM","0.00","0.00"
"14/03/2020 1:00:00 PM","0.00","0.00"
"14/03/2020 12:00:00 PM","0.12","1.00"
"14/03/2020 11:00:00 AM","0.82","15.00"
"14/03/2020 10:00:00 AM","0.69","10.00"
"14/03/2020 9:00:00 AM","0.70","15.00"
"14/03/2020 8:00:00 AM","0.83","14.00"
"14/03/2020 7:00:00 AM","0.84","14.00"
"14/03/2020 6:00:00 AM","0.89","14.00"
"14/03/2020 5:00:01 AM","0.72","9.00"
"14/03/2020 4:00:00 AM","0.89","9.00"
"14/03/2020 3:00:00 AM","0.78","9.00"
"14/03/2020 2:00:00 AM","0.83","9.00"
"14/03/2020 1:00:00 AM","0.67","9.00"
"14/03/2020 12:00:00 AM","0.70","7.00"
"13/03/2020 11:00:00 PM","0.79","4.00"
"13/03/2020 10:00:00 PM","0.76","8.00"
"13/03/2020 9:00:00 PM","0.77","3.00"
"13/03/2020 8:00:00 PM","0.84","6.00"
"13/03/2020 7:00:00 PM","0.64","4.00"
"13/03/2020 6:00:00 PM","1.02","8.00"
"13/03/2020 5:00:00 PM","0.98","4.00"
"13/03/2020 4:00:00 PM","0.98","3.00"
"13/03/2020 3:00:00 PM","1.01","3.00"
"13/03/2020 2:00:00 PM","0.90","3.00"
"13/03/2020 1:00:00 PM","0.86","3.00"
"13/03/2020 12:00:00 PM","0.81","7.00"
"13/03/2020 11:00:00 AM","0.69","4.00"
"13/03/2020 10:00:00 AM","0.79","3.00"
"13/03/2020 9:00:00 AM","0.81","4.00"
"13/03/2020 8:00:00 AM","0.72","5.00"
"13/03/2020 7:00:00 AM","0.79","4.00"
"13/03/2020 6:00:00 AM","0.55","0.00"
"13/03/2020 5:00:00 AM","0.94","3.00"
"13/03/2020 4:00:00 AM","0.81","4.00"
"13/03/2020 3:00:00 AM","0.44","2.00"
"13/03/2020 2:00:00 AM","0.77","4.00"
"13/03/2020 1:00:00 AM","0.82","3.00"
"13/03/2020 12:00:00 AM","0.50","3.00"
"12/03/2020 11:00:00 PM","0.75","4.00"
"12/03/2020 10:00:00 PM","0.63","3.00"
"12/03/2020 9:00:00 PM","0.67","7.00"
"12/03/2020 8:00:00 PM","0.62","3.00"
"12/03/2020 7:00:00 PM","0.46","0.00"
"12/03/2020 6:00:00 PM","0.60","3.00"
"12/03/2020 5:00:00 PM","0.50","3.00"
"12/03/2020 4:00:00 PM","0.73","4.00"
"12/03/2020 3:00:00 PM","0.52","0.00"
"12/03/2020 2:00:00 PM","0.67","6.00"
"12/03/2020 1:00:00 PM","0.71","3.00"
"12/03/2020 12:00:00 PM","0.82","4.00"
"12/03/2020 11:00:00 AM","0.70","3.00"
"12/03/2020 10:00:00 AM","0.74","6.00"
"12/03/2020 9:00:00 AM","0.70","4.00"
"12/03/2020 8:00:00 AM","0.82","3.00"
"12/03/2020 7:00:00 AM","0.61","3.00"
"12/03/2020 6:00:00 AM","0.68","3.00"
"12/03/2020 5:00:00 AM","0.86","3.00"
"12/03/2020 4:00:00 AM","0.68","3.00"
"12/03/2020 3:00:00 AM","0.57","4.00"
"12/03/2020 2:00:00 AM","0.81","3.00"
"12/03/2020 1:00:00 AM","0.75","3.00"
"12/03/2020 12:00:00 AM","0.54","3.00"
"11/03/2020 11:00:00 PM","0.73","3.00"
"11/03/2020 10:00:00 PM","0.62","3.00"
"11/03/2020 9:00:00 PM","0.64","5.00"
"11/03/2020 8:00:00 PM","0.55","5.00"
"11/03/2020 7:00:00 PM","0.45","3.00"
"11/03/2020 6:00:00 PM","0.53","0.00"
"11/03/2020 5:00:00 PM","0.52","3.00"
"11/03/2020 4:00:00 PM","0.49","3.00"
"11/03/2020 3:00:00 PM","0.52","4.00"
"11/03/2020 2:00:00 PM","0.71","3.00"
"11/03/2020 1:00:00 PM","0.79","7.00"
"11/03/2020 12:00:00 PM","0.68","4.00"
"11/03/2020 11:00:00 AM","0.69","7.00"
"11/03/2020 10:00:00 AM","0.81","8.00"
"11/03/2020 9:00:00 AM","0.73","10.00"
"11/03/2020 8:00:00 AM","0.89","12.00"
"11/03/2020 7:00:00 AM","0.69","10.00"
"11/03/2020 6:00:00 AM","0.60","9.00"
"11/03/2020 5:00:00 AM","0.83","3.00"
"11/03/2020 4:00:00 AM","0.64","7.00"
"11/03/2020 3:00:00 AM","0.79","3.00"
"11/03/2020 2:00:00 AM","0.77","3.00"
"11/03/2020 1:00:00 AM","0.70","7.00"
"11/03/2020 12:00:00 AM","0.66","3.00"
"10/03/2020 11:00:00 PM","0.66","3.00"
"10/03/2020 10:00:00 PM","0.72","4.00"
"10/03/2020 9:00:00 PM","0.73","6.00"
"10/03/2020 8:00:00 PM","0.60","4.00"
"10/03/2020 7:00:00 PM","0.63","3.00"
"10/03/2020 6:00:00 PM","0.56","5.00"
"10/03/2020 5:00:00 PM","0.56","6.00"
"10/03/2020 4:00:00 PM","0.61","8.00"
"10/03/2020 3:00:00 PM","0.59","4.00"
"10/03/2020 2:00:00 PM","0.93","7.00"
"10/03/2020 1:00:00 PM","0.86","8.00"
"10/03/2020 12:00:00 PM","0.84","11.00"
"10/03/2020 11:00:00 AM","0.79","16.00"
"10/03/2020 10:00:00 AM","0.91","21.00"
"10/03/2020 9:00:00 AM","0.86","25.00"
"10/03/2020 8:00:00 AM","0.94","29.00"
"10/03/2020 7:00:00 AM","0.82","24.00"
"10/03/2020 6:00:00 AM","0.74","18.00"
"10/03/2020 5:00:00 AM","0.93","13.00"
"10/03/2020 4:00:00 AM","0.68","8.00"
"10/03/2020 3:00:00 AM","0.82","8.00"
"10/03/2020 2:00:00 AM","0.79","7.00"
"10/03/2020 1:00:00 AM","0.81","8.00"
"10/03/2020 12:00:00 AM","0.77","8.00"
"9/03/2020 11:00:00 PM","0.78","4.00"
"9/03/2020 10:00:00 PM","0.80","7.00"
"9/03/2020 9:00:00 PM","0.75","4.00"
"9/03/2020 8:00:00 PM","0.69","7.00"
"9/03/2020 7:00:00 PM","0.64","4.00"
"9/03/2020 6:00:00 PM","0.74","6.00"
"9/03/2020 5:00:00 PM","0.63","8.00"
"9/03/2020 4:00:00 PM","0.69","7.00"
"9/03/2020 3:00:00 PM","0.68","5.00"
"9/03/2020 2:00:00 PM","0.73","8.00"
"9/03/2020 1:00:00 PM","0.63","10.00"
"9/03/2020 12:00:00 PM","0.75","12.00"
"9/03/2020 11:00:00 AM","0.71","16.00"
"9/03/2020 10:00:00 AM","0.76","19.00"
"9/03/2020 9:00:00 AM","0.80","25.00"
"9/03/2020 8:00:00 AM","0.81","28.00"
"9/03/2020 7:00:00 AM","0.85","21.00"
"9/03/2020 6:00:00 AM","0.82","20.00"
"9/03/2020 5:00:00 AM","0.92","13.00"
"9/03/2020 4:00:00 AM","0.75","10.00"
"9/03/2020 3:00:00 AM","0.76","9.00"
"9/03/2020 2:00:00 AM","0.84","9.00"
"9/03/2020 1:00:00 AM","0.82","7.00"
"9/03/2020 12:00:00 AM","0.86","8.00"
"8/03/2020 11:00:00 PM","0.76","5.00"
"8/03/2020 10:00:00 PM","0.77","6.00"
"8/03/2020 9:00:00 PM","0.83","7.00"
"8/03/2020 8:00:00 PM","0.77","4.00"
"8/03/2020 7:00:00 PM","0.86","7.00"
"8/03/2020 6:00:00 PM","0.64","4.00"
"8/03/2020 5:00:00 PM","0.77","4.00"
"8/03/2020 4:00:00 PM","0.80","6.00"
"8/03/2020 3:00:00 PM","0.81","3.00"
"8/03/2020 2:00:00 PM","0.69","8.00"
"8/03/2020 1:00:00 PM","0.58","7.00"
"8/03/2020 12:00:00 PM","0.91","6.00"
"8/03/2020 11:00:00 AM","0.76","10.00"
"8/03/2020 10:00:00 AM","0.80","9.00"
"8/03/2020 9:00:00 AM","0.86","11.00"
"8/03/2020 8:00:00 AM","0.70","11.00"
"8/03/2020 7:00:00 AM","0.80","7.00"
"8/03/2020 6:00:00 AM","0.74","6.00"
"8/03/2020 5:00:00 AM","0.92","7.00"
"8/03/2020 4:00:00 AM","0.83","4.00"
"8/03/2020 3:00:00 AM","0.65","7.00"
"8/03/2020 2:00:00 AM","0.72","4.00"
"8/03/2020 1:00:00 AM","0.81","7.00"
"8/03/2020 12:00:00 AM","0.78","7.00"
"7/03/2020 11:00:00 PM","0.69","4.00"
"7/03/2020 10:00:00 PM","0.92","3.00"
"7/03/2020 9:00:00 PM","0.56","7.00"
"7/03/2020 8:00:00 PM","0.79","3.00"
"7/03/2020 7:00:00 PM","0.75","3.00"
"7/03/2020 6:00:00 PM","0.70","6.00"
"7/03/2020 5:00:00 PM","0.78","4.00"
"7/03/2020 4:00:00 PM","0.76","4.00"
"7/03/2020 3:00:00 PM","0.79","7.00"
"7/03/2020 2:00:00 PM","0.75","6.00"
"7/03/2020 1:00:00 PM","0.75","5.00"
"7/03/2020 12:00:00 PM","0.81","8.00"
"7/03/2020 11:00:00 AM","0.84","8.00"
"7/03/2020 10:00:00 AM","0.76","8.00"
"7/03/2020 9:00:00 AM","0.69","9.00"
"7/03/2020 8:00:00 AM","0.78","9.00"
"7/03/2020 7:00:00 AM","0.83","8.00"
"7/03/2020 6:00:00 AM","0.67","8.00"
"7/03/2020 5:00:00 AM","0.78","6.00"
"7/03/2020 4:00:00 AM","0.84","5.00"
"7/03/2020 3:00:00 AM","0.85","7.00"
"7/03/2020 2:00:00 AM","0.77","5.00"
"7/03/2020 1:00:00 AM","0.59","7.00"
"7/03/2020 12:00:00 AM","0.80","8.00"
"6/03/2020 11:00:00 PM","0.83","4.00"
"6/03/2020 10:00:00 PM","0.82","7.00"
"6/03/2020 9:00:00 PM","0.65","7.00"
"6/03/2020 8:00:00 PM","0.88","4.00"
"6/03/2020 7:00:00 PM","0.86","8.00"
"6/03/2020 6:00:00 PM","0.89","8.00"
"6/03/2020 5:00:00 PM","1.13","6.00"
"6/03/2020 4:00:00 PM","1.07","5.00"
"6/03/2020 3:00:00 PM","1.22","7.00"
"6/03/2020 2:00:00 PM","1.15","8.00"
"6/03/2020 1:00:00 PM","1.24","5.00"
"6/03/2020 12:00:00 PM","1.16","8.00"
"6/03/2020 11:00:00 AM","1.26","11.00"
"6/03/2020 10:00:00 AM","1.17","12.00"
"6/03/2020 9:00:00 AM","1.16","12.00"
"6/03/2020 8:00:00 AM","0.98","19.00"
"6/03/2020 7:00:00 AM","1.24","14.00"
"6/03/2020 6:00:00 AM","0.85","17.00"
"6/03/2020 5:00:00 AM","1.04","5.00"
"6/03/2020 4:00:00 AM","0.81","6.00"
"6/03/2020 3:00:00 AM","0.83","3.00"
"6/03/2020 2:00:00 AM","0.80","9.00"
"6/03/2020 1:00:00 AM","0.77","9.00"
"6/03/2020 12:00:00 AM","0.69","10.00"
"5/03/2020 11:00:00 PM","0.85","9.00"
"5/03/2020 10:00:00 PM","0.81","10.00"
"5/03/2020 9:00:00 PM","0.84","13.00"
"5/03/2020 8:00:00 PM","0.75","8.00"
"5/03/2020 7:00:00 PM","1.01","20.00"
"5/03/2020 6:00:00 PM","1.19","19.00"
"5/03/2020 5:00:00 PM","1.23","20.00"
"5/03/2020 4:00:00 PM","1.28","15.00"
"5/03/2020 3:00:00 PM","1.30","19.00"
"5/03/2020 2:00:01 PM","1.17","19.00"
"5/03/2020 1:00:00 PM","1.22","20.00"
"5/03/2020 12:00:00 PM","1.17","14.00"
"5/03/2020 11:00:00 AM","1.06","20.00"
"5/03/2020 10:00:00 AM","1.09","20.00"
"5/03/2020 9:00:00 AM","0.91","19.00"
"5/03/2020 8:00:00 AM","1.12","23.00"
"5/03/2020 7:00:00 AM","1.07","18.00"
"5/03/2020 6:00:00 AM","0.89","10.00"
"5/03/2020 5:00:00 AM","1.08","3.00"
"5/03/2020 4:00:00 AM","0.75","3.00"
"5/03/2020 3:00:00 AM","0.85","3.00"
"5/03/2020 2:00:00 AM","0.93","4.00"
"5/03/2020 1:00:00 AM","0.73","6.00"
"5/03/2020 12:00:00 AM","0.70","3.00"
"4/03/2020 11:00:00 PM","0.71","4.00"
"4/03/2020 10:00:00 PM","0.69","3.00"
"4/03/2020 9:00:00 PM","0.80","6.00"
"4/03/2020 8:00:00 PM","0.81","4.00"
"4/03/2020 7:00:00 PM","0.82","3.00"
"4/03/2020 6:00:00 PM","1.05","7.00"
"4/03/2020 5:00:00 PM","0.99","4.00"
"4/03/2020 4:00:00 PM","1.03","8.00"
"4/03/2020 3:00:00 PM","0.99","6.00"
"4/03/2020 2:00:00 PM","1.01","6.00"
"4/03/2020 1:00:00 PM","1.04","7.00"
"4/03/2020 12:00:00 PM","0.99","8.00"
"4/03/2020 11:00:00 AM","0.97","10.00"
"4/03/2020 10:00:00 AM","1.03","13.00"
"4/03/2020 9:00:00 AM","0.85","16.00"
"4/03/2020 8:00:00 AM","0.99","19.00"
"4/03/2020 7:00:00 AM","0.88","16.00"
"4/03/2020 6:00:00 AM","0.87","14.00"
"4/03/2020 5:00:00 AM","1.01","10.00"
"4/03/2020 4:00:00 AM","1.14","8.00"
"4/03/2020 3:00:00 AM","0.49","6.00"
"4/03/2020 2:00:00 AM","0.98","5.00"
"4/03/2020 1:00:00 AM","0.83","7.00"
"4/03/2020 12:00:00 AM","0.66","8.00"
"3/03/2020 11:00:00 PM","0.97","8.00"
"3/03/2020 10:00:01 PM","0.81","8.00"
"3/03/2020 9:00:00 PM","0.82","3.00"
"3/03/2020 8:00:00 PM","0.69","7.00"
"3/03/2020 7:00:00 PM","0.80","7.00"
"3/03/2020 6:00:00 PM","0.91","5.00"
"3/03/2020 5:00:00 PM","0.97","8.00"
"3/03/2020 4:00:00 PM","1.05","8.00"
"3/03/2020 3:00:00 PM","1.17","8.00"
"3/03/2020 2:00:00 PM","1.04","7.00"
"3/03/2020 1:00:00 PM","0.93","10.00"
"3/03/2020 12:00:00 PM","0.88","10.00"
"3/03/2020 11:00:00 AM","0.90","12.00"
"3/03/2020 10:00:00 AM","0.89","14.00"
"3/03/2020 9:00:00 AM","0.86","15.00"
"3/03/2020 8:00:00 AM","0.84","19.00"
"3/03/2020 7:00:00 AM","0.95","13.00"
"3/03/2020 6:00:00 AM","0.78","12.00"
"3/03/2020 5:00:00 AM","0.91","9.00"
"3/03/2020 4:00:00 AM","0.95","8.00"
"3/03/2020 3:00:00 AM","0.85","6.00"
"3/03/2020 2:00:00 AM","0.72","6.00"
"3/03/2020 1:00:00 AM","0.78","7.00"
"3/03/2020 12:00:00 AM","0.57","9.00"
"2/03/2020 11:00:00 PM","0.82","9.00"
"2/03/2020 10:00:00 PM","0.87","8.00"
"2/03/2020 9:00:01 PM","0.70","7.00"
"2/03/2020 8:00:00 PM","0.90","7.00"
"2/03/2020 7:00:00 PM","0.66","9.00"
"2/03/2020 6:00:00 PM","0.74","10.00"
"2/03/2020 5:00:00 PM","0.82","6.00"
"2/03/2020 4:00:00 PM","0.71","6.00"
"2/03/2020 3:00:00 PM","0.47","8.00"
"2/03/2020 2:00:00 PM","0.48","9.00"
"2/03/2020 1:00:00 PM","0.50","8.00"
"2/03/2020 12:00:00 PM","0.51","11.00"
"2/03/2020 11:00:00 AM","0.61","10.00"
"2/03/2020 10:00:00 AM","0.58","10.00"
"2/03/2020 9:00:00 AM","0.79","10.00"
"2/03/2020 8:00:00 AM","0.53","11.00"
"2/03/2020 7:00:00 AM","0.73","7.00"
"2/03/2020 6:00:00 AM","1.29","4.00"
"2/03/2020 5:00:00 AM","30,366.42","267,815.00"
"2/03/2020 4:00:00 AM","0.00","0.00"
"2/03/2020 2:00:00 AM","30,364.06","267,805.00"
"2/03/2020 1:00:00 AM","0.00","0.00"
"1/03/2020 10:00:00 PM","0.70","3.00"
"1/03/2020 9:00:00 PM","0.49","5.00"
"1/03/2020 8:00:00 PM","0.74","5.00"
"1/03/2020 7:00:00 PM","0.49","3.00"
"1/03/2020 6:00:00 PM","0.52","4.00"
"1/03/2020 5:00:00 PM","0.64","2.00"
"1/03/2020 4:00:00 PM","0.51","1.00"
"1/03/2020 3:00:00 PM","0.52","3.00"
"1/03/2020 2:00:00 PM","0.50","6.00"
"1/03/2020 1:00:00 PM","0.57","3.00"
"1/03/2020 12:00:00 PM","0.70","6.00"
"1/03/2020 11:00:00 AM","0.75","5.00"
"1/03/2020 10:00:00 AM","0.50","8.00"
"1/03/2020 9:00:00 AM","0.71","7.00"
"1/03/2020 8:00:00 AM","0.77","4.00"
"1/03/2020 7:00:00 AM","0.76","7.00"
"1/03/2020 6:00:00 AM","0.76","6.00"
"1/03/2020 5:00:00 AM","0.54","5.00"
"1/03/2020 4:00:00 AM","0.70","4.00"
"1/03/2020 3:00:00 AM","0.76","6.00"
"1/03/2020 2:00:00 AM","0.55","3.00"
"1/03/2020 1:00:00 AM","0.67","3.00"
"1/03/2020 12:00:00 AM","0.76","7.00"
"29/02/2020 11:00:00 PM","0.73","3.00"
"29/02/2020 10:00:00 PM","0.51","4.00"
"29/02/2020 9:00:00 PM","0.76","6.00"
"29/02/2020 8:00:00 PM","0.70","3.00"
"29/02/2020 7:00:00 PM","0.54","4.00"
"29/02/2020 6:00:00 PM","0.61","3.00"
"29/02/2020 5:00:00 PM","0.56","6.00"
"29/02/2020 4:00:00 PM","0.51","4.00"
"29/02/2020 3:00:00 PM","0.66","5.00"
"29/02/2020 2:00:00 PM","0.72","5.00"
"29/02/2020 1:00:00 PM","0.60","6.00"
"29/02/2020 12:00:00 PM","0.65","5.00"
"29/02/2020 11:00:00 AM","0.79","8.00"
"29/02/2020 10:00:00 AM","0.82","8.00"
"29/02/2020 9:00:00 AM","0.66","8.00"
"29/02/2020 8:00:00 AM","0.71","8.00"
"29/02/2020 7:00:00 AM","0.54","3.00"
"29/02/2020 6:00:00 AM","0.84","7.00"
"29/02/2020 5:00:00 AM","0.55","4.00"
"29/02/2020 4:00:00 AM","0.76","7.00"
"29/02/2020 3:00:00 AM","0.74","7.00"
"29/02/2020 2:00:00 AM","0.53","3.00"
"29/02/2020 1:00:00 AM","0.90","7.00"
"29/02/2020 12:00:00 AM","0.59","4.00"
"28/02/2020 11:00:00 PM","0.56","6.00"
"28/02/2020 10:00:00 PM","0.79","4.00"
"28/02/2020 9:00:00 PM","0.77","6.00"
"28/02/2020 8:00:00 PM","0.74","4.00"
"28/02/2020 7:00:00 PM","0.67","7.00"
"28/02/2020 6:00:00 PM","0.77","3.00"
"28/02/2020 5:00:00 PM","0.73","6.00"
"28/02/2020 4:00:00 PM","0.88","5.00"
"28/02/2020 3:00:00 PM","0.94","6.00"
"28/02/2020 2:00:00 PM","0.90","5.00"
"28/02/2020 1:00:00 PM","0.99","7.00"
"28/02/2020 12:00:00 PM","0.98","14.00"
"28/02/2020 11:00:00 AM","0.93","10.00"
"28/02/2020 10:00:00 AM","0.99","10.00"
"28/02/2020 9:00:00 AM","0.75","11.00"
"28/02/2020 8:00:00 AM","0.72","15.00"
"28/02/2020 7:00:00 AM","0.98","9.00"
"28/02/2020 6:00:01 AM","0.86","10.00"
"28/02/2020 5:00:00 AM","0.93","7.00"
"28/02/2020 4:00:00 AM","0.79","4.00"
"28/02/2020 3:00:00 AM","0.87","7.00"
"28/02/2020 2:00:00 AM","0.77","3.00"
"28/02/2020 1:00:00 AM","30,313.32","267,400.00"
"28/02/2020 12:00:00 AM","0.00","0.00"
"27/02/2020 11:00:00 PM","0.88","4.00"
"27/02/2020 10:00:00 PM","0.68","7.00"
"27/02/2020 9:00:00 PM","0.73","5.00"
"27/02/2020 8:00:00 PM","0.69","5.00"
"27/02/2020 7:00:00 PM","0.86","7.00"
"27/02/2020 6:00:00 PM","1.14","5.00"
"27/02/2020 5:00:00 PM","0.85","8.00"
"27/02/2020 4:00:00 PM","0.71","10.00"
"27/02/2020 3:00:00 PM","1.25","11.00"
"27/02/2020 2:00:00 PM","1.20","13.00"
"27/02/2020 1:00:00 PM","0.00","16.00"
"27/02/2020 12:00:00 PM","0.07","19.00"
"27/02/2020 11:00:00 AM","1.03","16.00"
"27/02/2020 10:00:00 AM","1.16","23.00"
"27/02/2020 9:00:00 AM","1.13","26.00"
"27/02/2020 8:00:00 AM","1.21","30.00"
"27/02/2020 7:00:00 AM","1.07","21.00"
"27/02/2020 6:00:00 AM","1.11","19.00"
"27/02/2020 5:00:00 AM","1.23","13.00"
"27/02/2020 4:00:00 AM","1.20","10.00"
"27/02/2020 3:00:00 AM","0.84","8.00"
"27/02/2020 2:00:00 AM","0.92","9.00"
"27/02/2020 1:00:00 AM","0.95","8.00"
"27/02/2020 12:00:00 AM","0.75","9.00"
"26/02/2020 11:00:00 PM","1.15","8.00"
"26/02/2020 10:00:00 PM","0.72","8.00"
"26/02/2020 9:00:00 PM","1.04","8.00"
"26/02/2020 8:00:00 PM","0.92","5.00"
"26/02/2020 7:00:00 PM","0.93","6.00"
"26/02/2020 6:00:00 PM","1.01","8.00"
"26/02/2020 5:00:00 PM","1.03","7.00"
"26/02/2020 4:00:00 PM","1.03","6.00"
"26/02/2020 3:00:00 PM","1.16","6.00"
"26/02/2020 2:00:00 PM","1.17","9.00"
"26/02/2020 1:00:00 PM","1.18","10.00"
"26/02/2020 12:00:00 PM","1.18","11.00"
"26/02/2020 11:00:00 AM","1.20","9.00"
"26/02/2020 10:00:00 AM","1.18","5.00"
"26/02/2020 9:00:00 AM","1.03","9.00"
"26/02/2020 8:00:00 AM","1.11","11.00"
"26/02/2020 7:00:00 AM","0.99","8.00"
"26/02/2020 6:00:00 AM","1.16","7.00"
"26/02/2020 5:00:00 AM","1.19","4.00"
"26/02/2020 4:00:00 AM","0.76","3.00"
"26/02/2020 3:00:00 AM","1.00","3.00"
"26/02/2020 2:00:00 AM","0.71","6.00"
"26/02/2020 1:00:00 AM","1.02","8.00"
"26/02/2020 12:00:00 AM","0.77","9.00"
"25/02/2020 11:00:00 PM","1.02","6.00"
"25/02/2020 10:00:00 PM","0.77","9.00"
"25/02/2020 9:00:00 PM","0.97","11.00"
"25/02/2020 8:00:00 PM","0.97","8.00"
"25/02/2020 7:00:00 PM","0.99","13.00"
"25/02/2020 6:00:00 PM","1.08","14.00"
"25/02/2020 5:00:01 PM","1.12","11.00"
"25/02/2020 5:00:00 PM","1.14","11.00"
"25/02/2020 4:00:00 PM","1.14","8.00"
"25/02/2020 3:00:00 PM","1.16","7.00"
"25/02/2020 2:00:00 PM","1.17","5.00"
"25/02/2020 1:00:00 PM","1.14","6.00"
"25/02/2020 12:00:00 PM","1.13","10.00"
"25/02/2020 11:00:00 AM","1.09","12.00"
"25/02/2020 10:00:00 AM","1.15","13.00"
"25/02/2020 9:00:00 AM","1.07","13.00"
"25/02/2020 8:00:00 AM","1.00","18.00"
"25/02/2020 7:00:00 AM","1.02","13.00"
"25/02/2020 6:00:00 AM","0.87","12.00"
"25/02/2020 5:00:00 AM","1.18","4.00"
"25/02/2020 4:00:00 AM","0.79","3.00"
"25/02/2020 3:00:00 AM","0.92","3.00"
"25/02/2020 2:00:00 AM","0.96","6.00"
"25/02/2020 1:00:00 AM","0.96","7.00"
"25/02/2020 12:00:00 AM","0.78","8.00"
"24/02/2020 11:00:00 PM","1.06","10.00"
"24/02/2020 10:00:00 PM","0.78","9.00"
"24/02/2020 9:00:00 PM","0.93","9.00"
"24/02/2020 8:00:00 PM","0.77","5.00"
"24/02/2020 7:00:00 PM","0.76","15.00"
"24/02/2020 6:00:00 PM","0.70","12.00"
"24/02/2020 5:00:00 PM","0.75","18.00"
"24/02/2020 4:00:01 PM","0.68","13.00"
"24/02/2020 3:00:00 PM","0.49","12.00"
"24/02/2020 2:00:00 PM","0.47","10.00"
"24/02/2020 1:00:00 PM","0.70","7.00"
"24/02/2020 12:00:00 PM","0.77","6.00"
"24/02/2020 11:00:00 AM","0.58","9.00"
"24/02/2020 10:00:00 AM","0.79","12.00"
"24/02/2020 9:00:00 AM","0.79","12.00"
"24/02/2020 8:00:00 AM","0.86","13.00"
"24/02/2020 7:00:00 AM","0.81","12.00"
"24/02/2020 6:00:00 AM","0.81","8.00"
"24/02/2020 5:00:00 AM","0.96","3.00"
"24/02/2020 4:00:00 AM","0.91","3.00"
"24/02/2020 3:00:00 AM","0.97","3.00"
"24/02/2020 2:00:00 AM","0.80","0.00"
"24/02/2020 1:00:00 AM","0.88","3.00"
"24/02/2020 12:00:00 AM","0.98","4.00"
"23/02/2020 11:00:00 PM","0.79","3.00"
"23/02/2020 10:00:00 PM","0.84","3.00"
"23/02/2020 9:00:00 PM","0.94","7.00"
"23/02/2020 8:00:00 PM","0.98","5.00"
"23/02/2020 7:00:00 PM","0.79","10.00"
"23/02/2020 6:00:00 PM","0.77","7.00"
"23/02/2020 5:00:00 PM","0.89","3.00"
"23/02/2020 4:00:00 PM","0.75","7.00"
"23/02/2020 3:00:01 PM","0.77","6.00"
"23/02/2020 2:00:00 PM","0.90","5.00"
"23/02/2020 1:00:00 PM","0.75","3.00"
"23/02/2020 12:00:00 PM","0.89","4.00"
"23/02/2020 11:00:00 AM","0.93","7.00"
"23/02/2020 10:00:00 AM","0.87","8.00"
"23/02/2020 9:00:00 AM","1.16","7.00"
"23/02/2020 8:00:00 AM","0.81","5.00"
"23/02/2020 7:00:00 AM","1.04","7.00"
"23/02/2020 6:00:00 AM","0.93","7.00"
"23/02/2020 5:00:00 AM","0.99","3.00"
"23/02/2020 4:00:00 AM","0.96","7.00"
"23/02/2020 3:00:00 AM","0.91","3.00"
"23/02/2020 2:00:00 AM","1.11","4.00"
"23/02/2020 1:00:00 AM","0.80","6.00"
"23/02/2020 12:00:00 AM","1.00","4.00"
"22/02/2020 11:00:00 PM","0.94","5.00"
"22/02/2020 10:00:00 PM","0.80","5.00"
"22/02/2020 9:00:00 PM","1.03","3.00"
"22/02/2020 8:00:00 PM","0.87","3.00"
"22/02/2020 7:00:00 PM","0.90","3.00"
"22/02/2020 6:00:00 PM","0.94","4.00"
"22/02/2020 5:00:00 PM","0.85","6.00"
"22/02/2020 4:00:00 PM","0.81","4.00"
"22/02/2020 3:00:00 PM","0.77","7.00"
"22/02/2020 2:00:01 PM","0.93","8.00"
"22/02/2020 1:00:00 PM","0.91","9.00"
"22/02/2020 12:00:00 PM","0.89","11.00"
"22/02/2020 11:00:00 AM","0.89","12.00"
"22/02/2020 10:00:00 AM","0.95","13.00"
"22/02/2020 9:00:00 AM","1.16","13.00"
"22/02/2020 8:00:00 AM","1.00","15.00"
"22/02/2020 7:00:00 AM","0.99","13.00"
"22/02/2020 6:00:00 AM","1.18","9.00"
"22/02/2020 5:00:00 AM","0.81","8.00"
"22/02/2020 4:00:00 AM","0.96","8.00"
"22/02/2020 3:00:00 AM","1.02","8.00"
"22/02/2020 2:00:00 AM","0.99","9.00"
"22/02/2020 1:00:00 AM","0.91","9.00"
"22/02/2020 12:00:00 AM","1.09","9.00"
"21/02/2020 11:00:00 PM","0.83","9.00"
"21/02/2020 10:00:00 PM","1.08","8.00"
"21/02/2020 9:00:00 PM","1.07","7.00"
"21/02/2020 8:00:00 PM","0.99","8.00"
"21/02/2020 7:00:00 PM","1.09","9.00"
"21/02/2020 6:00:00 PM","1.17","7.00"
"21/02/2020 5:00:00 PM","1.17","5.00"
"21/02/2020 4:00:00 PM","1.19","7.00"
"21/02/2020 3:00:00 PM","1.21","7.00"
"21/02/2020 2:00:00 PM","1.20","8.00"
"21/02/2020 1:00:00 PM","1.21","8.00"
"21/02/2020 12:00:00 PM","1.19","10.00"
"21/02/2020 11:00:00 AM","1.15","8.00"
"21/02/2020 10:00:00 AM","1.18","13.00"
"21/02/2020 9:00:00 AM","1.17","16.00"
"21/02/2020 8:00:00 AM","1.11","15.00"
"21/02/2020 7:00:00 AM","1.13","18.00"
"21/02/2020 6:00:00 AM","0.95","12.00"
"21/02/2020 5:00:00 AM","1.17","9.00"
"21/02/2020 4:00:00 AM","1.06","8.00"
"21/02/2020 3:00:00 AM","0.88","4.00"
"21/02/2020 2:00:00 AM","0.98","7.00"
"21/02/2020 1:00:00 AM","0.95","7.00"
"21/02/2020 12:00:00 AM","0.91","6.00"
"20/02/2020 11:00:00 PM","1.19","7.00"
"20/02/2020 10:00:00 PM","0.81","8.00"
"20/02/2020 9:00:00 PM","0.99","8.00"
"20/02/2020 8:00:00 PM","0.99","9.00"
"20/02/2020 7:00:00 PM","0.97","7.00"
"20/02/2020 6:00:00 PM","1.19","6.00"
"20/02/2020 5:00:00 PM","1.20","7.00"
"20/02/2020 4:00:00 PM","1.23","11.00"
"20/02/2020 3:00:00 PM","1.23","8.00"
"20/02/2020 2:00:00 PM","1.24","9.00"
"20/02/2020 1:00:00 PM","1.22","12.00"
"20/02/2020 12:00:01 PM","1.22","12.00"
"20/02/2020 12:00:00 PM","1.22","13.00"
"20/02/2020 11:00:00 AM","1.20","13.00"
"20/02/2020 10:00:00 AM","1.22","17.00"
"20/02/2020 9:00:00 AM","1.21","16.00"
"20/02/2020 8:00:00 AM","1.03","16.00"
"20/02/2020 7:00:00 AM","1.15","17.00"
"20/02/2020 6:00:00 AM","1.08","13.00"
"20/02/2020 5:00:00 AM","1.20","9.00"
"20/02/2020 4:00:00 AM","0.94","8.00"
"20/02/2020 3:00:00 AM","1.03","5.00"
"20/02/2020 2:00:00 AM","0.87","6.00"
"20/02/2020 1:00:00 AM","1.21","9.00"
"20/02/2020 12:00:00 AM","0.84","8.00"
"19/02/2020 11:00:00 PM","1.06","9.00"
"19/02/2020 10:00:00 PM","1.00","8.00"
"19/02/2020 9:00:00 PM","1.03","7.00"
"19/02/2020 8:00:00 PM","0.99","5.00"
"19/02/2020 7:00:00 PM","1.20","9.00"
"19/02/2020 6:00:00 PM","1.21","8.00"
"19/02/2020 5:00:00 PM","1.23","8.00"
"19/02/2020 4:00:00 PM","1.24","9.00"
"19/02/2020 3:00:00 PM","1.27","9.00"
"19/02/2020 2:00:00 PM","1.25","10.00"
"19/02/2020 1:00:00 PM","1.23","11.00"
"19/02/2020 12:00:00 PM","1.22","14.00"
"19/02/2020 11:00:00 AM","1.23","12.00"
"19/02/2020 10:00:00 AM","1.23","12.00"
"19/02/2020 9:00:00 AM","1.17","13.00"
"19/02/2020 8:00:00 AM","1.05","15.00"
"19/02/2020 7:00:00 AM","1.13","14.00"
"19/02/2020 6:00:00 AM","1.22","18.00"
"19/02/2020 5:00:00 AM","1.22","12.00"
"19/02/2020 4:00:00 AM","0.82","9.00"
"19/02/2020 3:00:00 AM","1.21","7.00"
"19/02/2020 2:00:00 AM","0.81","6.00"
"19/02/2020 1:00:00 AM","1.05","7.00"
"19/02/2020 12:00:00 AM","1.02","9.00"
"18/02/2020 11:00:00 PM","0.93","11.00"
"18/02/2020 10:00:00 PM","0.95","12.00"
"18/02/2020 9:00:00 PM","1.04","13.00"
"18/02/2020 8:00:00 PM","1.12","4.00"
"18/02/2020 7:00:00 PM","1.12","15.00"
"18/02/2020 6:00:00 PM","1.20","10.00"
"18/02/2020 5:00:00 PM","0.90","18.00"
"18/02/2020 4:00:00 PM","0.85","13.00"
"18/02/2020 3:00:00 PM","0.84","14.00"
"18/02/2020 2:00:00 PM","0.81","15.00"
"18/02/2020 1:00:00 PM","0.82","11.00"
"18/02/2020 12:00:00 PM","0.81","13.00"
"18/02/2020 11:00:00 AM","0.81","13.00"
"18/02/2020 10:00:00 AM","0.87","14.00"
"18/02/2020 9:00:00 AM","0.88","12.00"
"18/02/2020 8:00:00 AM","0.91","16.00"
"18/02/2020 7:00:00 AM","0.83","12.00"
"18/02/2020 6:00:00 AM","1.02","9.00"
"18/02/2020 5:00:00 AM","1.01","4.00"
"18/02/2020 4:00:00 AM","0.85","3.00"
"18/02/2020 3:00:00 AM","0.80","0.00"
"18/02/2020 2:00:00 AM","1.06","7.00"
"18/02/2020 1:00:00 AM","0.79","4.00"
"18/02/2020 12:00:00 AM","0.79","9.00"
"17/02/2020 11:00:00 PM","0.95","4.00"
"17/02/2020 10:00:00 PM","0.78","8.00"
"17/02/2020 9:00:00 PM","0.78","6.00"
"17/02/2020 8:00:00 PM","0.78","4.00"
"17/02/2020 7:00:00 PM","0.77","8.00"
"17/02/2020 6:00:00 PM","0.76","8.00"
"17/02/2020 5:00:00 PM","0.76","7.00"
"17/02/2020 4:00:00 PM","0.52","9.00"
"17/02/2020 3:00:00 PM","0.68","9.00"
"17/02/2020 2:00:00 PM","0.76","9.00"
"17/02/2020 1:00:00 PM","0.76","3.00"
"17/02/2020 12:00:00 PM","0.77","4.00"
"17/02/2020 11:00:00 AM","0.82","7.00"
"17/02/2020 10:00:00 AM","0.85","4.00"
"17/02/2020 9:00:00 AM","0.85","8.00"
"17/02/2020 8:00:00 AM","1.00","12.00"
"17/02/2020 7:00:00 AM","0.92","8.00"
"17/02/2020 6:00:00 AM","0.85","4.00"
"17/02/2020 5:00:00 AM","0.98","7.00"
"17/02/2020 4:00:00 AM","0.99","4.00"
"17/02/2020 3:00:00 AM","0.83","7.00"
"17/02/2020 2:00:00 AM","1.09","3.00"
"17/02/2020 1:00:00 AM","0.81","4.00"
"17/02/2020 12:00:00 AM","1.12","3.00"
"16/02/2020 11:00:00 PM","0.82","3.00"
"16/02/2020 10:00:00 PM","1.00","3.00"
"16/02/2020 9:00:00 PM","0.94","6.00"
"16/02/2020 8:00:00 PM","0.80","6.00"
"16/02/2020 7:00:00 PM","0.98","5.00"
"16/02/2020 6:00:00 PM","0.95","2.00"
"16/02/2020 5:00:00 PM","0.84","3.00"
"16/02/2020 4:00:00 PM","0.86","4.00"
"16/02/2020 3:00:00 PM","0.85","5.00"
"16/02/2020 2:00:00 PM","0.83","6.00"
"16/02/2020 1:00:00 PM","0.99","5.00"
"16/02/2020 12:00:00 PM","0.82","5.00"
"16/02/2020 11:00:00 AM","0.93","5.00"
"16/02/2020 10:00:00 AM","0.98","6.00"
"16/02/2020 9:00:00 AM","0.99","6.00"
"16/02/2020 8:00:00 AM","0.84","6.00"
"16/02/2020 7:00:00 AM","1.22","5.00"
"16/02/2020 6:00:00 AM","0.84","5.00"
"16/02/2020 5:00:00 AM","0.80","0.00"
"16/02/2020 4:00:00 AM","1.00","5.00"
"16/02/2020 3:00:00 AM","0.82","4.00"
"16/02/2020 2:00:00 AM","1.20","2.00"
"16/02/2020 1:00:00 AM","0.80","3.00"
"16/02/2020 12:00:00 AM","0.81","6.00"
"15/02/2020 11:00:00 PM","0.81","5.00"
"15/02/2020 10:00:00 PM","0.91","5.00"
"15/02/2020 9:00:00 PM","0.94","5.00"
"15/02/2020 8:00:00 PM","0.95","5.00"
"15/02/2020 7:00:00 PM","0.86","5.00"
"15/02/2020 6:00:00 PM","0.99","5.00"
"15/02/2020 5:00:00 PM","0.90","5.00"
"15/02/2020 4:00:00 PM","1.00","5.00"
"15/02/2020 3:00:00 PM","0.95","3.00"
"15/02/2020 2:00:00 PM","0.93","2.00"
"15/02/2020 1:00:00 PM","0.93","5.00"
"15/02/2020 12:00:00 PM","0.98","5.00"
"15/02/2020 11:00:00 AM","0.84","5.00"
"15/02/2020 10:00:00 AM","0.95","4.00"
"15/02/2020 9:00:00 AM","0.88","1.00"
"15/02/2020 8:00:00 AM","0.94","3.00"
"15/02/2020 7:00:00 AM","0.81","5.00"
"15/02/2020 6:00:00 AM","1.08","3.00"
"15/02/2020 5:00:00 AM","0.80","1.00"
"15/02/2020 4:00:00 AM","0.81","4.00"
"15/02/2020 3:00:00 AM","0.84","3.00"
"15/02/2020 2:00:00 AM","1.03","2.00"
"15/02/2020 1:00:00 AM","0.81","4.00"
"15/02/2020 12:00:00 AM","0.80","5.00"
"14/02/2020 11:00:00 PM","0.80","1.00"
"14/02/2020 10:00:00 PM","1.01","4.00"
"14/02/2020 9:00:00 PM","0.82","5.00"
"14/02/2020 8:00:00 PM","0.95","6.00"
"14/02/2020 7:00:00 PM","0.84","9.00"
"14/02/2020 6:00:00 PM","0.83","13.00"
"14/02/2020 5:00:00 PM","0.84","15.00"
"14/02/2020 4:00:00 PM","0.84","11.00"
"14/02/2020 3:00:00 PM","0.79","8.00"
"14/02/2020 2:00:00 PM","0.78","5.00"
"14/02/2020 1:00:00 PM","0.79","5.00"
"14/02/2020 12:00:00 PM","0.78","5.00"
"14/02/2020 11:00:00 AM","0.78","2.00"
"14/02/2020 10:00:00 AM","0.86","4.00"
"14/02/2020 9:00:00 AM","0.81","9.00"
"14/02/2020 8:00:00 AM","0.94","21.00"
"14/02/2020 7:00:00 AM","0.91","16.00"
"14/02/2020 6:00:00 AM","0.87","13.00"
"14/02/2020 5:00:00 AM","1.05","11.00"
"14/02/2020 4:00:00 AM","0.80","6.00"
"14/02/2020 3:00:00 AM","0.96","5.00"
"14/02/2020 2:00:00 AM","0.81","4.00"
"14/02/2020 1:00:00 AM","0.80","1.00"
"14/02/2020 12:00:00 AM","0.87","10.00"
"13/02/2020 11:00:00 PM","0.82","11.00"
"13/02/2020 10:00:00 PM","0.86","8.00"
"13/02/2020 9:00:00 PM","0.80","6.00"
"13/02/2020 8:00:00 PM","0.79","11.00"
"13/02/2020 7:00:00 PM","0.79","5.00"
"13/02/2020 6:00:00 PM","0.79","4.00"
"13/02/2020 5:00:00 PM","0.77","1.00"
"13/02/2020 4:00:00 PM","0.76","5.00"
"13/02/2020 3:00:00 PM","0.80","5.00"
"13/02/2020 2:00:00 PM","0.82","1.00"
"13/02/2020 1:00:00 PM","0.83","5.00"
"13/02/2020 12:00:00 PM","1.06","8.00"
"13/02/2020 11:00:00 AM","1.01","10.00"
"13/02/2020 10:00:00 AM","0.91","5.00"
"13/02/2020 9:00:00 AM","1.08","6.00"
"13/02/2020 8:00:00 AM","0.97","16.00"
"13/02/2020 7:00:00 AM","1.05","7.00"
"13/02/2020 6:00:00 AM","0.95","7.00"
"13/02/2020 5:00:00 AM","1.20","8.00"
"13/02/2020 4:00:00 AM","0.81","8.00"
"13/02/2020 3:00:00 AM","1.00","6.00"
"13/02/2020 2:00:00 AM","1.03","5.00"
"13/02/2020 1:00:00 AM","0.81","0.00"
"13/02/2020 12:00:00 AM","0.80","5.00"
"12/02/2020 11:00:00 PM","0.81","5.00"
"12/02/2020 10:00:01 PM","0.92","5.00"
"12/02/2020 9:00:00 PM","0.91","5.00"
"12/02/2020 8:00:00 PM","0.87","4.00"
"12/02/2020 7:00:00 PM","0.89","4.00"
"12/02/2020 6:00:00 PM","0.97","12.00"
"12/02/2020 5:00:00 PM","0.93","13.00"
"12/02/2020 4:00:00 PM","1.10","7.00"
"12/02/2020 3:00:00 PM","0.96","11.00"
"12/02/2020 2:00:00 PM","1.13","6.00"
"12/02/2020 1:00:00 PM","1.04","5.00"
"12/02/2020 12:00:00 PM","1.14","6.00"
"12/02/2020 11:00:00 AM","1.03","19.00"
"12/02/2020 10:00:00 AM","1.14","5.00"
"12/02/2020 9:00:00 AM","0.97","15.00"
"12/02/2020 8:00:00 AM","1.00","15.00"
"12/02/2020 7:00:00 AM","0.93","3.00"
"12/02/2020 6:00:00 AM","1.03","3.00"
"12/02/2020 5:00:00 AM","1.06","4.00"
"12/02/2020 4:00:00 AM","0.89","4.00"
"12/02/2020 3:00:00 AM","0.88","3.00"
"12/02/2020 2:00:00 AM","0.92","2.00"
"12/02/2020 1:00:00 AM","0.81","5.00"
"12/02/2020 12:00:00 AM","0.99","5.00"
"11/02/2020 11:00:00 PM","0.80","3.00"
"11/02/2020 10:00:00 PM","0.99","7.00"
"11/02/2020 9:00:01 PM","0.85","12.00"
"11/02/2020 9:00:00 PM","0.91","12.00"
"11/02/2020 8:00:00 PM","0.91","10.00"
"11/02/2020 7:00:00 PM","0.88","6.00"
"11/02/2020 6:00:00 PM","0.98","5.00"
"11/02/2020 5:00:00 PM","0.91","7.00"
"11/02/2020 4:00:00 PM","1.03","6.00"
"11/02/2020 3:00:00 PM","1.05","5.00"
"11/02/2020 2:00:00 PM","1.15","5.00"
"11/02/2020 1:00:00 PM","1.05","9.00"
"11/02/2020 12:00:00 PM","1.11","10.00"
"11/02/2020 11:00:00 AM","0.97","12.00"
"11/02/2020 10:00:00 AM","1.05","5.00"
"11/02/2020 9:00:00 AM","0.99","8.00"
"11/02/2020 8:00:00 AM","0.98","9.00"
"11/02/2020 7:00:00 AM","0.90","5.00"
"11/02/2020 6:00:00 AM","0.88","5.00"
"11/02/2020 5:00:00 AM","1.07","4.00"
"11/02/2020 4:00:00 AM","0.80","1.00"
"11/02/2020 3:00:00 AM","1.12","4.00"
"11/02/2020 2:00:00 AM","0.80","5.00"
"11/02/2020 1:00:00 AM","0.79","5.00"
"11/02/2020 12:00:00 AM","0.89","4.00"
"10/02/2020 11:00:00 PM","0.82","5.00"
"10/02/2020 10:00:00 PM","0.81","12.00"
"10/02/2020 9:00:00 PM","0.94","9.00"
"10/02/2020 8:00:01 PM","0.87","5.00"
"10/02/2020 8:00:00 PM","0.87","9.00"
"10/02/2020 7:00:00 PM","0.91","9.00"
"10/02/2020 6:00:00 PM","0.94","7.00"
"10/02/2020 5:00:00 PM","0.84","8.00"
"10/02/2020 4:00:00 PM","0.63","8.00"
"10/02/2020 3:00:00 PM","0.77","6.00"
"10/02/2020 2:00:00 PM","0.77","7.00"
"10/02/2020 1:00:00 PM","0.78","12.00"
"10/02/2020 12:00:00 PM","0.85","12.00"
"10/02/2020 11:00:00 AM","0.83","9.00"
"10/02/2020 10:00:00 AM","0.85","7.00"
"10/02/2020 9:00:00 AM","0.89","11.00"
"10/02/2020 8:00:00 AM","0.98","11.00"
"10/02/2020 7:00:00 AM","0.88","5.00"
"10/02/2020 6:00:00 AM","0.97","5.00"
"10/02/2020 5:00:00 AM","1.06","6.00"
"10/02/2020 4:00:00 AM","0.81","5.00"
"10/02/2020 3:00:00 AM","0.87","5.00"
"10/02/2020 2:00:00 AM","1.06","5.00"
"10/02/2020 1:00:00 AM","0.80","5.00"
"10/02/2020 12:00:00 AM","0.95","5.00"
"9/02/2020 11:00:00 PM","0.88","2.00"
"9/02/2020 10:00:00 PM","0.85","2.00"
"9/02/2020 9:00:00 PM","0.91","5.00"
"9/02/2020 8:00:00 PM","1.01","5.00"
"9/02/2020 7:00:01 PM","0.85","4.00"
"9/02/2020 6:00:00 PM","0.91","5.00"
"9/02/2020 5:00:00 PM","0.97","1.00"
"9/02/2020 4:00:00 PM","0.85","4.00"
"9/02/2020 3:00:00 PM","0.81","5.00"
"9/02/2020 2:00:00 PM","0.96","5.00"
"9/02/2020 1:00:00 PM","0.78","5.00"
"9/02/2020 12:00:00 PM","0.78","4.00"
"9/02/2020 11:00:00 AM","0.94","1.00"
"9/02/2020 10:00:00 AM","0.81","4.00"
"9/02/2020 9:00:00 AM","1.02","5.00"
"9/02/2020 8:00:00 AM","0.79","0.00"
"9/02/2020 7:00:00 AM","1.02","4.00"
"9/02/2020 6:00:00 AM","0.87","5.00"
"9/02/2020 5:00:00 AM","0.80","4.00"
"9/02/2020 4:00:00 AM","1.08","0.00"
"9/02/2020 3:00:00 AM","0.79","4.00"
"9/02/2020 2:00:00 AM","0.79","5.00"
"9/02/2020 1:00:00 AM","0.92","1.00"
"9/02/2020 12:00:00 AM","1.05","4.00"
"8/02/2020 11:00:00 PM","0.79","4.00"
"8/02/2020 10:00:00 PM","0.80","5.00"
"8/02/2020 9:00:00 PM","0.93","5.00"
"8/02/2020 8:00:00 PM","0.83","1.00"
"8/02/2020 7:00:00 PM","0.88","4.00"
"8/02/2020 6:00:00 PM","0.83","5.00"
"8/02/2020 5:00:00 PM","0.85","4.00"
"8/02/2020 4:00:00 PM","0.76","5.00"
"8/02/2020 3:00:00 PM","0.77","4.00"
"8/02/2020 2:00:00 PM","0.91","1.00"
"8/02/2020 1:00:00 PM","0.76","5.00"
"8/02/2020 12:00:00 PM","0.83","5.00"
"8/02/2020 11:00:00 AM","0.98","4.00"
"8/02/2020 10:00:00 AM","0.77","4.00"
"8/02/2020 9:00:00 AM","0.98","1.00"
"8/02/2020 8:00:00 AM","0.92","4.00"
"8/02/2020 7:00:00 AM","0.88","4.00"
"8/02/2020 6:00:00 AM","1.14","0.00"
"8/02/2020 5:00:00 AM","0.79","4.00"
"8/02/2020 4:00:00 AM","0.97","4.00"
"8/02/2020 3:00:00 AM","0.86","0.00"
"8/02/2020 2:00:00 AM","0.79","5.00"
"8/02/2020 1:00:00 AM","1.03","4.00"
"8/02/2020 12:00:00 AM","0.87","4.00"
"7/02/2020 11:00:00 PM","0.79","1.00"
"7/02/2020 10:00:00 PM","0.79","4.00"
"7/02/2020 9:00:00 PM","0.98","5.00"
"7/02/2020 8:00:00 PM","0.82","7.00"
"7/02/2020 7:00:00 PM","0.80","4.00"
"7/02/2020 6:00:00 PM","0.94","11.00"
"7/02/2020 5:00:00 PM","0.83","8.00"
"7/02/2020 4:00:00 PM","0.81","7.00"
"7/02/2020 3:00:00 PM","0.83","5.00"
"7/02/2020 2:00:00 PM","0.84","7.00"
"7/02/2020 1:00:00 PM","0.82","5.00"
"7/02/2020 12:00:00 PM","0.83","5.00"
"7/02/2020 11:00:00 AM","0.95","10.00"
"7/02/2020 10:00:00 AM","0.85","7.00"
"7/02/2020 9:00:00 AM","0.86","9.00"
"7/02/2020 8:00:00 AM","0.98","7.00"
"7/02/2020 7:00:00 AM","0.84","5.00"
"7/02/2020 6:00:00 AM","0.90","5.00"
"7/02/2020 5:00:00 AM","0.99","4.00"
"7/02/2020 4:00:00 AM","0.88","3.00"
"7/02/2020 3:00:00 AM","1.04","2.00"
"7/02/2020 2:00:00 AM","0.79","4.00"
"7/02/2020 1:00:00 AM","0.78","5.00"
"7/02/2020 12:00:00 AM","0.90","6.00"
"6/02/2020 11:00:00 PM","0.91","5.00"
"6/02/2020 10:00:00 PM","0.77","5.00"
"6/02/2020 9:00:00 PM","0.98","4.00"
"6/02/2020 8:00:00 PM","0.78","5.00"
"6/02/2020 7:00:00 PM","0.79","6.00"
"6/02/2020 6:00:00 PM","0.77","5.00"
"6/02/2020 5:00:00 PM","0.78","5.00"
"6/02/2020 4:00:00 PM","0.75","0.00"
"6/02/2020 3:00:00 PM","0.78","9.00"
"6/02/2020 2:00:00 PM","0.90","8.00"
"6/02/2020 1:00:00 PM","0.84","5.00"
"6/02/2020 12:00:00 PM","0.90","10.00"
"6/02/2020 11:00:00 AM","0.88","11.00"
"6/02/2020 10:00:00 AM","0.93","9.00"
"6/02/2020 9:00:00 AM","0.99","19.00"
"6/02/2020 8:00:00 AM","1.10","25.00"
"6/02/2020 7:00:00 AM","1.02","19.00"
"6/02/2020 6:00:00 AM","1.01","17.00"
"6/02/2020 5:00:00 AM","1.16","14.00"
"6/02/2020 4:00:00 AM","0.88","8.00"
"6/02/2020 3:00:00 AM","1.07","6.00"
"6/02/2020 2:00:00 AM","0.81","7.00"
"6/02/2020 1:00:00 AM","0.95","12.00"
"6/02/2020 12:00:00 AM","0.97","7.00"
"5/02/2020 11:00:00 PM","1.17","8.00"
"5/02/2020 10:00:00 PM","0.81","9.00"
"5/02/2020 9:00:00 PM","1.18","6.00"
"5/02/2020 8:00:00 PM","0.87","6.00"
"5/02/2020 7:00:00 PM","0.96","6.00"
"5/02/2020 6:00:00 PM","0.88","6.00"
"5/02/2020 5:00:00 PM","0.88","11.00"
"5/02/2020 4:00:00 PM","0.87","6.00"
"5/02/2020 3:00:00 PM","0.90","5.00"
"5/02/2020 2:00:00 PM","0.92","11.00"
"5/02/2020 1:00:00 PM","0.95","10.00"
"5/02/2020 12:00:00 PM","0.99","10.00"
"5/02/2020 11:00:00 AM","0.99","21.00"
"5/02/2020 10:00:00 AM","0.98","21.00"
"5/02/2020 9:00:00 AM","1.00","26.00"
"5/02/2020 8:00:00 AM","1.11","31.00"
"5/02/2020 7:00:00 AM","0.95","24.00"
"5/02/2020 6:00:00 AM","0.94","21.00"
"5/02/2020 5:00:00 AM","1.16","16.00"
"5/02/2020 4:00:00 AM","0.98","8.00"
"5/02/2020 3:00:00 AM","0.97","6.00"
"5/02/2020 2:00:00 AM","1.08","13.00"
"5/02/2020 1:00:00 AM","1.05","9.00"
"5/02/2020 12:00:00 AM","0.81","13.00"
"4/02/2020 11:00:00 PM","1.12","10.00"
"4/02/2020 10:00:00 PM","1.01","6.00"
"4/02/2020 9:00:00 PM","1.01","11.00"
"4/02/2020 8:00:00 PM","0.97","9.00"
"4/02/2020 7:00:00 PM","1.01","5.00"
"4/02/2020 6:00:00 PM","0.86","5.00"
"4/02/2020 5:00:00 PM","0.85","9.00"
"4/02/2020 4:00:00 PM","0.86","12.00"
"4/02/2020 3:00:00 PM","0.89","6.00"
"4/02/2020 2:00:00 PM","1.03","8.00"
"4/02/2020 1:00:00 PM","1.12","13.00"
"4/02/2020 12:00:00 PM","1.03","15.00"
"4/02/2020 11:00:00 AM","1.12","14.00"
"4/02/2020 10:00:00 AM","1.02","21.00"
"4/02/2020 9:00:00 AM","1.07","25.00"
"4/02/2020 8:00:00 AM","1.10","30.00"
"4/02/2020 7:00:00 AM","0.98","25.00"
"4/02/2020 6:00:00 AM","1.09","22.00"
"4/02/2020 5:00:00 AM","1.21","16.00"
"4/02/2020 4:00:00 AM","0.94","11.00"
"4/02/2020 3:00:00 AM","0.97","7.00"
"4/02/2020 2:00:00 AM","1.20","14.00"
"4/02/2020 1:00:00 AM","0.81","9.00"
"4/02/2020 12:00:00 AM","0.86","12.00"
"3/02/2020 11:00:00 PM","1.06","9.00"
"3/02/2020 10:00:00 PM","1.02","8.00"
"3/02/2020 9:00:00 PM","0.93","12.00"
"3/02/2020 8:00:00 PM","1.10","7.00"
"3/02/2020 7:00:00 PM","0.98","12.00"
"3/02/2020 6:00:00 PM","0.97","12.00"
"3/02/2020 5:00:00 PM","0.97","8.00"
"3/02/2020 4:00:00 PM","0.99","11.00"
"3/02/2020 3:00:00 PM","0.98","14.00"
"3/02/2020 2:00:00 PM","0.89","10.00"
"3/02/2020 1:00:00 PM","0.93","12.00"
"3/02/2020 12:00:00 PM","0.90","16.00"
"3/02/2020 11:00:00 AM","0.94","11.00"
"3/02/2020 10:00:00 AM","0.99","17.00"
"3/02/2020 9:00:00 AM","0.98","17.00"
"3/02/2020 8:00:00 AM","1.07","15.00"
"3/02/2020 7:00:00 AM","0.95","9.00"
"3/02/2020 6:00:00 AM","1.08","10.00"
"3/02/2020 5:00:00 AM","0.94","6.00"
"3/02/2020 4:00:00 AM","1.19","5.00"
"3/02/2020 3:00:00 AM","0.81","4.00"
"3/02/2020 2:00:00 AM","1.05","0.00"
"3/02/2020 1:00:00 AM","0.98","5.00"
"3/02/2020 12:00:00 AM","0.81","5.00"
"2/02/2020 11:00:00 PM","0.96","4.00"
"2/02/2020 10:00:00 PM","0.86","5.00"
"2/02/2020 9:00:00 PM","0.99","5.00"
"2/02/2020 8:00:00 PM","0.82","5.00"
"2/02/2020 7:00:00 PM","0.99","4.00"
"2/02/2020 6:00:00 PM","0.92","1.00"
"2/02/2020 5:00:00 PM","0.89","5.00"
"2/02/2020 4:00:00 PM","0.82","5.00"
"2/02/2020 3:00:00 PM","0.96","4.00"
"2/02/2020 2:00:00 PM","0.94","5.00"
"2/02/2020 1:00:00 PM","0.90","5.00"
"2/02/2020 12:00:00 PM","0.84","7.00"
"2/02/2020 11:00:00 AM","0.96","4.00"
"2/02/2020 10:00:00 AM","0.98","8.00"
"2/02/2020 9:00:00 AM","0.90","8.00"
"2/02/2020 8:00:00 AM","0.97","4.00"
"2/02/2020 7:00:00 AM","1.13","6.00"
"2/02/2020 6:00:00 AM","0.91","5.00"
"2/02/2020 5:00:01 AM","0.94","5.00"
"2/02/2020 4:00:00 AM","0.91","6.00"
"2/02/2020 3:00:00 AM","1.01","5.00"
"2/02/2020 2:00:00 AM","0.81","4.00"
"2/02/2020 1:00:00 AM","0.98","3.00"
"2/02/2020 12:00:00 AM","0.89","2.00"
"1/02/2020 11:00:00 PM","0.91","5.00"
"1/02/2020 10:00:00 PM","0.97","5.00"
"1/02/2020 9:00:00 PM","0.87","4.00"
"1/02/2020 8:00:00 PM","0.95","8.00"
"1/02/2020 7:00:00 PM","0.93","3.00"
"1/02/2020 6:00:00 PM","0.99","5.00"
"1/02/2020 5:00:00 PM","0.88","4.00"
"1/02/2020 4:00:00 PM","0.90","5.00"
"1/02/2020 3:00:00 PM","0.94","5.00"
"1/02/2020 2:00:00 PM","0.89","5.00"
"1/02/2020 1:00:00 PM","1.02","5.00"
"1/02/2020 12:00:00 PM","0.81","2.00"
"1/02/2020 11:00:00 AM","0.87","2.00"
"1/02/2020 10:00:00 AM","0.93","5.00"
"1/02/2020 9:00:00 AM","0.78","2.00"
"1/02/2020 8:00:00 AM","0.79","2.00"
"1/02/2020 7:00:00 AM","0.96","5.00"
"1/02/2020 6:00:00 AM","0.82","4.00"
"1/02/2020 5:00:00 AM","0.79","0.00"
"1/02/2020 4:00:00 AM","0.79","4.00"
"1/02/2020 3:00:00 AM","0.82","2.00"
"1/02/2020 2:00:00 AM","0.79","2.00"
"1/02/2020 1:00:00 AM","0.79","5.00"
"1/02/2020 12:00:00 AM","0.78","4.00"
"31/01/2020 11:00:00 PM","0.79","5.00"
"31/01/2020 10:00:00 PM","0.80","3.00"
"31/01/2020 9:00:00 PM","0.78","3.00"
"31/01/2020 8:00:00 PM","0.63","4.00"
"31/01/2020 7:00:00 PM","0.77","3.00"
"31/01/2020 6:00:00 PM","0.62","2.00"
"31/01/2020 5:00:00 PM","0.76","5.00"
"31/01/2020 4:00:00 PM","0.69","0.00"
"31/01/2020 3:00:00 PM","0.55","4.00"
"31/01/2020 2:00:00 PM","0.66","0.00"
"31/01/2020 1:00:00 PM","0.75","5.00"
"31/01/2020 12:00:00 PM","0.73","1.00"
"31/01/2020 11:00:00 AM","0.76","3.00"
"31/01/2020 10:00:00 AM","0.77","5.00"
"31/01/2020 9:00:00 AM","0.78","0.00"
"31/01/2020 8:00:00 AM","0.84","5.00"
"31/01/2020 7:00:00 AM","0.84","4.00"
"31/01/2020 6:00:00 AM","0.80","5.00"
"31/01/2020 5:00:00 AM","0.87","0.00"
"31/01/2020 4:00:00 AM","0.93","4.00"
"31/01/2020 3:00:01 AM","0.79","5.00"
"31/01/2020 2:00:00 AM","0.78","6.00"
"31/01/2020 1:00:00 AM","0.78","0.00"
"31/01/2020 12:00:00 AM","0.78","4.00"
"30/01/2020 11:00:00 PM","0.77","5.00"
"30/01/2020 10:00:00 PM","0.76","0.00"
"30/01/2020 9:00:00 PM","0.76","4.00"
"30/01/2020 8:00:00 PM","0.75","0.00"
"30/01/2020 7:00:00 PM","0.75","5.00"
"30/01/2020 6:00:00 PM","0.57","4.00"
"30/01/2020 5:00:00 PM","0.57","0.00"
"30/01/2020 4:00:00 PM","0.54","5.00"
"30/01/2020 3:00:00 PM","0.57","0.00"
"30/01/2020 2:00:00 PM","0.66","4.00"
"30/01/2020 1:00:00 PM","0.79","5.00"
"30/01/2020 12:00:00 PM","0.77","0.00"
"30/01/2020 11:00:00 AM","0.81","4.00"
"30/01/2020 10:00:00 AM","0.86","6.00"
"30/01/2020 9:00:00 AM","0.92","9.00"
"30/01/2020 8:00:00 AM","1.02","6.00"
"30/01/2020 7:00:00 AM","0.97","5.00"
"30/01/2020 6:00:00 AM","0.83","5.00"
"30/01/2020 5:00:00 AM","1.02","4.00"
"30/01/2020 4:00:00 AM","1.02","5.00"
"30/01/2020 3:00:00 AM","0.99","5.00"
"30/01/2020 2:00:01 AM","0.80","5.00"
"30/01/2020 1:00:00 AM","0.82","4.00"
"30/01/2020 12:00:00 AM","1.01","5.00"
"29/01/2020 11:00:00 PM","0.78","5.00"
"29/01/2020 10:00:00 PM","0.92","7.00"
"29/01/2020 9:00:00 PM","0.80","5.00"
"29/01/2020 8:00:00 PM","0.80","0.00"
"29/01/2020 7:00:00 PM","0.79","4.00"
"29/01/2020 6:00:00 PM","0.76","4.00"
"29/01/2020 5:00:00 PM","0.61","0.00"
"29/01/2020 4:00:00 PM","0.77","5.00"
"29/01/2020 3:00:00 PM","0.76","6.00"
"29/01/2020 2:00:00 PM","0.83","5.00"
"29/01/2020 1:00:00 PM","0.88","5.00"
"29/01/2020 12:00:00 PM","0.86","6.00"
"29/01/2020 11:00:00 AM","0.86","9.00"
"29/01/2020 10:00:00 AM","0.91","6.00"
"29/01/2020 9:00:00 AM","0.87","6.00"
"29/01/2020 8:00:00 AM","0.95","11.00"
"29/01/2020 7:00:00 AM","0.93","6.00"
"29/01/2020 6:00:00 AM","0.94","5.00"
"29/01/2020 5:00:00 AM","1.06","4.00"
"29/01/2020 4:00:00 AM","0.99","4.00"
"29/01/2020 3:00:00 AM","1.00","0.00"
"29/01/2020 2:00:00 AM","0.80","5.00"
"29/01/2020 1:00:00 AM","0.84","5.00"
"29/01/2020 12:00:00 AM","0.96","4.00"
"28/01/2020 11:00:00 PM","1.06","4.00"
"28/01/2020 10:00:00 PM","0.86","5.00"
"28/01/2020 9:00:00 PM","0.97","5.00"
"28/01/2020 8:00:00 PM","0.80","4.00"
"28/01/2020 7:00:00 PM","0.79","5.00"
"28/01/2020 6:00:00 PM","0.78","5.00"
"28/01/2020 5:00:00 PM","0.68","5.00"
"28/01/2020 4:00:00 PM","0.73","5.00"
"28/01/2020 3:00:00 PM","0.71","5.00"
"28/01/2020 2:00:00 PM","0.32","6.00"
"28/01/2020 1:00:00 PM","0.52","8.00"
"28/01/2020 12:00:00 PM","0.47","6.00"
"28/01/2020 11:00:00 AM","0.79","5.00"
"28/01/2020 10:00:00 AM","0.80","7.00"
"28/01/2020 9:00:00 AM","0.86","14.00"
"28/01/2020 8:00:00 AM","0.90","13.00"
"28/01/2020 7:00:00 AM","0.87","11.00"
"28/01/2020 6:00:00 AM","0.87","9.00"
"28/01/2020 5:00:00 AM","1.00","4.00"
"28/01/2020 4:00:00 AM","1.05","4.00"
"28/01/2020 3:00:00 AM","0.89","4.00"
"28/01/2020 2:00:00 AM","0.91","6.00"
"28/01/2020 1:00:00 AM","1.01","5.00"
"28/01/2020 12:00:00 AM","0.97","5.00"
"27/01/2020 11:00:00 PM","0.99","4.00"
"27/01/2020 10:00:00 PM","1.05","5.00"
"27/01/2020 9:00:00 PM","0.97","5.00"
"27/01/2020 8:00:00 PM","0.97","5.00"
"27/01/2020 7:00:00 PM","0.91","5.00"
"27/01/2020 6:00:00 PM","0.94","6.00"
"27/01/2020 5:00:00 PM","0.92","5.00"
"27/01/2020 4:00:00 PM","0.83","5.00"
"27/01/2020 3:00:00 PM","0.77","7.00"
"27/01/2020 2:00:00 PM","0.85","9.00"
"27/01/2020 1:00:00 PM","0.90","5.00"
"27/01/2020 12:00:00 PM","0.98","6.00"
"27/01/2020 11:00:00 AM","0.84","6.00"
"27/01/2020 10:00:00 AM","1.00","10.00"
"27/01/2020 9:00:00 AM","1.04","7.00"
"27/01/2020 8:00:00 AM","0.96","9.00"
"27/01/2020 7:00:00 AM","0.98","8.00"
"27/01/2020 6:00:00 AM","0.95","8.00"
"27/01/2020 5:00:00 AM","1.05","5.00"
"27/01/2020 4:00:00 AM","1.00","5.00"
"27/01/2020 3:00:00 AM","0.83","4.00"
"27/01/2020 2:00:00 AM","1.13","5.00"
"27/01/2020 1:00:00 AM","0.91","6.00"
"27/01/2020 12:00:00 AM","0.97","5.00"
"26/01/2020 11:00:00 PM","0.92","7.00"
"26/01/2020 10:00:00 PM","1.01","7.00"
"26/01/2020 9:00:00 PM","0.93","6.00"
"26/01/2020 8:00:00 PM","1.06","6.00"
"26/01/2020 7:00:00 PM","0.82","5.00"
"26/01/2020 6:00:00 PM","1.05","5.00"
"26/01/2020 5:00:00 PM","0.85","5.00"
"26/01/2020 4:00:00 PM","0.91","6.00"
"26/01/2020 3:00:00 PM","0.90","7.00"
"26/01/2020 2:00:00 PM","0.95","7.00"
"26/01/2020 1:00:00 PM","0.86","6.00"
"26/01/2020 12:00:00 PM","0.86","5.00"
"26/01/2020 11:00:00 AM","1.03","5.00"
"26/01/2020 10:00:00 AM","1.04","5.00"
"26/01/2020 9:00:00 AM","0.84","5.00"
"26/01/2020 8:00:00 AM","1.03","7.00"
"26/01/2020 7:00:00 AM","1.08","8.00"
"26/01/2020 6:00:00 AM","0.81","6.00"
"26/01/2020 5:00:00 AM","1.01","4.00"
"26/01/2020 4:00:00 AM","0.88","5.00"
"26/01/2020 3:00:00 AM","1.10","5.00"
"26/01/2020 2:00:00 AM","0.79","5.00"
"26/01/2020 1:00:00 AM","0.81","4.00"
"26/01/2020 12:00:00 AM","1.21","4.00"
"25/01/2020 11:00:00 PM","0.87","4.00"
"25/01/2020 10:00:00 PM","0.79","1.00"
"25/01/2020 9:00:00 PM","1.15","5.00"
"25/01/2020 8:00:00 PM","0.84","6.00"
"25/01/2020 7:00:00 PM","0.89","4.00"
"25/01/2020 6:00:00 PM","0.81","4.00"
"25/01/2020 5:00:00 PM","0.92","5.00"
"25/01/2020 4:00:00 PM","0.81","5.00"
"25/01/2020 3:00:00 PM","0.77","6.00"
"25/01/2020 2:00:00 PM","0.91","5.00"
"25/01/2020 1:00:00 PM","0.82","5.00"
"25/01/2020 12:00:00 PM","0.94","5.00"
"25/01/2020 11:00:00 AM","0.97","4.00"
"25/01/2020 10:00:00 AM","0.88","5.00"
"25/01/2020 9:00:00 AM","1.11","6.00"
"25/01/2020 8:00:00 AM","0.93","10.00"
"25/01/2020 7:00:00 AM","1.03","5.00"
"25/01/2020 6:00:00 AM","1.14","5.00"
"25/01/2020 5:00:00 AM","0.91","4.00"
"25/01/2020 4:00:00 AM","0.96","2.00"
"25/01/2020 3:00:00 AM","1.05","2.00"
"25/01/2020 2:00:00 AM","0.96","4.00"
"25/01/2020 1:00:00 AM","1.04","5.00"
"25/01/2020 12:00:00 AM","0.79","5.00"
"24/01/2020 11:00:00 PM","1.13","5.00"
"24/01/2020 10:00:00 PM","0.86","7.00"
"24/01/2020 9:00:00 PM","1.06","7.00"
"24/01/2020 8:00:00 PM","1.00","5.00"
"24/01/2020 7:00:00 PM","0.98","7.00"
"24/01/2020 6:00:00 PM","0.98","5.00"
"24/01/2020 5:00:00 PM","1.14","5.00"
"24/01/2020 4:00:00 PM","1.16","7.00"
"24/01/2020 3:00:00 PM","1.16","10.00"
"24/01/2020 2:00:00 PM","1.18","6.00"
"24/01/2020 1:00:00 PM","1.19","11.00"
"24/01/2020 12:00:00 PM","1.18","12.00"
"24/01/2020 11:00:00 AM","1.19","19.00"
"24/01/2020 10:00:00 AM","1.21","14.00"
"24/01/2020 9:00:00 AM","1.21","18.00"
"24/01/2020 8:00:00 AM","1.22","27.00"
"24/01/2020 7:00:00 AM","1.23","21.00"
"24/01/2020 6:00:00 AM","1.24","18.00"
"24/01/2020 5:00:00 AM","1.18","12.00"
"24/01/2020 4:00:00 AM","0.81","8.00"
"24/01/2020 3:00:00 AM","1.11","10.00"
"24/01/2020 2:00:00 AM","1.05","7.00"
"24/01/2020 1:00:00 AM","0.98","6.00"
"24/01/2020 12:00:00 AM","0.96","10.00"
"23/01/2020 11:00:00 PM","1.18","8.00"
"23/01/2020 10:00:00 PM","0.90","6.00"
"23/01/2020 9:00:00 PM","1.19","7.00"
"23/01/2020 8:00:00 PM","1.20","8.00"
"23/01/2020 7:00:00 PM","1.19","6.00"
"23/01/2020 6:00:00 PM","1.21","6.00"
"23/01/2020 5:00:00 PM","1.21","8.00"
"23/01/2020 4:00:00 PM","1.23","10.00"
"23/01/2020 3:00:00 PM","1.25","6.00"
"23/01/2020 2:00:00 PM","1.22","9.00"
"23/01/2020 1:00:00 PM","1.20","10.00"
"23/01/2020 12:00:00 PM","1.19","10.00"
"23/01/2020 11:00:00 AM","1.22","15.00"
"23/01/2020 10:00:00 AM","1.22","16.00"
"23/01/2020 9:00:00 AM","1.22","16.00"
"23/01/2020 8:00:00 AM","1.21","18.00"
"23/01/2020 7:00:00 AM","1.16","15.00"
"23/01/2020 6:00:00 AM","1.19","10.00"
"23/01/2020 5:00:00 AM","1.24","5.00"
"23/01/2020 4:00:00 AM","1.03","8.00"
"23/01/2020 3:00:00 AM","0.98","7.00"
"23/01/2020 2:00:00 AM","1.10","5.00"
"23/01/2020 1:00:00 AM","1.00","5.00"
"23/01/2020 12:00:00 AM","0.99","5.00"
"22/01/2020 11:00:00 PM","1.03","4.00"
"22/01/2020 10:00:00 PM","0.85","6.00"
"22/01/2020 9:00:00 PM","1.04","6.00"
"22/01/2020 8:00:00 PM","0.96","4.00"
"22/01/2020 7:00:00 PM","1.03","5.00"
"22/01/2020 6:00:00 PM","0.99","2.00"
"22/01/2020 5:00:00 PM","1.09","2.00"
"22/01/2020 4:00:00 PM","1.09","5.00"
"22/01/2020 3:00:00 PM","1.02","4.00"
"22/01/2020 2:00:00 PM","1.09","0.00"
"22/01/2020 1:00:00 PM","1.04","4.00"
"22/01/2020 12:00:00 PM","1.06","5.00"
"22/01/2020 11:00:00 AM","1.02","7.00"
"22/01/2020 10:00:00 AM","1.09","8.00"
"22/01/2020 9:00:00 AM","1.11","7.00"
"22/01/2020 8:00:00 AM","1.12","7.00"
"22/01/2020 7:00:00 AM","1.05","13.00"
"22/01/2020 6:00:00 AM","1.16","6.00"
"22/01/2020 5:00:00 AM","1.11","5.00"
"22/01/2020 4:00:00 AM","1.06","4.00"
"22/01/2020 3:00:00 AM","1.11","5.00"
"22/01/2020 2:00:00 AM","0.88","7.00"
"22/01/2020 1:00:00 AM","1.09","8.00"
"22/01/2020 12:00:00 AM","1.01","6.00"
"21/01/2020 11:00:00 PM","0.95","4.00"
"21/01/2020 10:00:00 PM","1.01","5.00"
"21/01/2020 9:00:00 PM","1.08","5.00"
"21/01/2020 8:00:00 PM","0.98","4.00"
"21/01/2020 7:00:00 PM","0.99","6.00"
"21/01/2020 6:00:00 PM","1.02","5.00"
"21/01/2020 5:00:00 PM","0.96","7.00"
"21/01/2020 4:00:00 PM","1.16","8.00"
"21/01/2020 3:00:00 PM","1.17","6.00"
"21/01/2020 2:00:00 PM","1.20","9.00"
"21/01/2020 1:00:00 PM","1.22","9.00"
"21/01/2020 12:00:00 PM","1.21","6.00"
"21/01/2020 11:00:01 AM","1.19","13.00"
"21/01/2020 10:00:00 AM","1.20","11.00"
"21/01/2020 9:00:00 AM","1.20","16.00"
"21/01/2020 8:00:00 AM","1.15","21.00"
"21/01/2020 7:00:00 AM","1.21","17.00"
"21/01/2020 6:00:00 AM","1.05","8.00"
"21/01/2020 5:00:00 AM","1.20","7.00"
"21/01/2020 4:00:00 AM","1.02","9.00"
"21/01/2020 3:00:00 AM","1.09","3.00"
"21/01/2020 2:00:00 AM","1.10","8.00"
"21/01/2020 1:00:00 AM","1.03","7.00"
"21/01/2020 12:00:00 AM","1.01","13.00"
"20/01/2020 11:00:00 PM","1.05","8.00"
"20/01/2020 10:00:00 PM","1.20","9.00"
"20/01/2020 9:00:00 PM","1.02","9.00"
"20/01/2020 8:00:00 PM","1.03","6.00"
"20/01/2020 7:00:00 PM","1.06","17.00"
"20/01/2020 6:00:00 PM","0.98","12.00"
"20/01/2020 5:00:00 PM","0.86","6.00"
"20/01/2020 4:00:00 PM","0.83","7.00"
"20/01/2020 3:00:00 PM","0.75","10.00"
"20/01/2020 2:00:00 PM","0.57","6.00"
"20/01/2020 1:00:00 PM","0.60","6.00"
"20/01/2020 12:00:00 PM","0.67","10.00"
"20/01/2020 11:00:00 AM","0.79","6.00"
"20/01/2020 10:00:01 AM","0.81","7.00"
"20/01/2020 9:00:00 AM","0.86","10.00"
"20/01/2020 8:00:00 AM","0.90","10.00"
"20/01/2020 7:00:00 AM","0.77","5.00"
"20/01/2020 6:00:00 AM","0.90","5.00"
"20/01/2020 5:00:00 AM","1.02","4.00"
"20/01/2020 4:00:00 AM","0.92","3.00"
"20/01/2020 3:00:00 AM","0.92","0.00"
"20/01/2020 2:00:00 AM","0.97","4.00"
"20/01/2020 1:00:00 AM","0.98","4.00"
"20/01/2020 12:00:00 AM","0.99","5.00"
"19/01/2020 11:00:00 PM","0.95","4.00"
"19/01/2020 10:00:00 PM","0.85","4.00"
"19/01/2020 9:00:00 PM","1.09","6.00"
"19/01/2020 8:00:00 PM","0.94","5.00"
"19/01/2020 7:00:00 PM","1.02","6.00"
"19/01/2020 6:00:00 PM","0.89","4.00"
"19/01/2020 5:00:00 PM","1.05","5.00"
"19/01/2020 4:00:00 PM","0.90","6.00"
"19/01/2020 3:00:00 PM","0.81","6.00"
"19/01/2020 2:00:00 PM","0.78","6.00"
"19/01/2020 1:00:00 PM","0.81","5.00"
"19/01/2020 12:00:00 PM","0.91","5.00"
"19/01/2020 11:00:00 AM","0.90","4.00"
"19/01/2020 10:00:00 AM","1.06","5.00"
"19/01/2020 9:00:01 AM","1.04","3.00"
"19/01/2020 8:00:00 AM","0.82","1.00"
"19/01/2020 7:00:00 AM","1.21","4.00"
"19/01/2020 6:00:00 AM","0.81","3.00"
"19/01/2020 5:00:00 AM","0.99","0.00"
"19/01/2020 4:00:00 AM","1.01","4.00"
"19/01/2020 3:00:00 AM","1.02","4.00"
"19/01/2020 2:00:00 AM","0.88","0.00"
"19/01/2020 1:00:00 AM","0.95","4.00"
"19/01/2020 12:00:00 AM","0.99","4.00"
"18/01/2020 11:00:00 PM","1.00","5.00"
"18/01/2020 10:00:00 PM","1.03","4.00"
"18/01/2020 9:00:00 PM","0.90","5.00"
"18/01/2020 8:00:00 PM","1.02","5.00"
"18/01/2020 7:00:00 PM","1.01","5.00"
"18/01/2020 6:00:00 PM","0.80","4.00"
"18/01/2020 5:00:00 PM","0.92","5.00"
"18/01/2020 4:00:00 PM","0.84","6.00"
"18/01/2020 3:00:00 PM","0.85","3.00"
"18/01/2020 2:00:00 PM","0.90","4.00"
"18/01/2020 1:00:00 PM","0.90","8.00"
"18/01/2020 12:00:00 PM","0.86","7.00"
"18/01/2020 11:00:00 AM","1.03","4.00"
"18/01/2020 10:00:00 AM","1.04","4.00"
"18/01/2020 9:00:00 AM","0.88","5.00"
"18/01/2020 8:00:01 AM","0.97","5.00"
"18/01/2020 8:00:00 AM","0.96","5.00"
"18/01/2020 7:00:00 AM","0.96","5.00"
"18/01/2020 6:00:00 AM","1.12","5.00"
"18/01/2020 5:00:00 AM","0.91","4.00"
"18/01/2020 4:00:00 AM","1.03","5.00"
"18/01/2020 3:00:00 AM","1.02","4.00"
"18/01/2020 2:00:00 AM","1.06","8.00"
"18/01/2020 1:00:00 AM","0.94","6.00"
"18/01/2020 12:00:00 AM","1.04","4.00"
"17/01/2020 11:00:00 PM","1.13","5.00"
"17/01/2020 10:00:00 PM","1.01","5.00"
"17/01/2020 9:00:00 PM","1.02","5.00"
"17/01/2020 8:00:00 PM","1.04","4.00"
"17/01/2020 7:00:00 PM","1.06","5.00"
"17/01/2020 6:00:00 PM","1.01","5.00"
"17/01/2020 5:00:00 PM","0.99","6.00"
"17/01/2020 4:00:00 PM","1.00","8.00"
"17/01/2020 3:00:00 PM","1.12","5.00"
"17/01/2020 2:00:00 PM","1.12","6.00"
"17/01/2020 1:00:00 PM","1.15","7.00"
"17/01/2020 12:00:00 PM","1.11","10.00"
"17/01/2020 11:00:00 AM","1.18","9.00"
"17/01/2020 10:00:00 AM","1.07","18.00"
"17/01/2020 9:00:00 AM","1.14","14.00"
"17/01/2020 8:00:00 AM","1.12","17.00"
"17/01/2020 7:00:00 AM","1.05","15.00"
"17/01/2020 6:00:00 AM","1.08","9.00"
"17/01/2020 5:00:00 AM","1.09","6.00"
"17/01/2020 4:00:00 AM","0.98","4.00"
"17/01/2020 3:00:00 AM","0.89","5.00"
"17/01/2020 2:00:00 AM","1.16","11.00"
"17/01/2020 1:00:00 AM","0.97","5.00"
"17/01/2020 12:00:00 AM","1.01","6.00"
"16/01/2020 11:00:00 PM","0.93","8.00"
"16/01/2020 10:00:00 PM","1.16","5.00"
"16/01/2020 9:00:00 PM","1.01","5.00"
"16/01/2020 8:00:00 PM","1.03","4.00"
"16/01/2020 7:00:00 PM","1.00","5.00"
"16/01/2020 6:00:00 PM","1.04","5.00"
"16/01/2020 5:00:00 PM","1.00","5.00"
"16/01/2020 4:00:00 PM","1.02","6.00"
"16/01/2020 3:00:00 PM","0.90","8.00"
"16/01/2020 2:00:00 PM","0.91","4.00"
"16/01/2020 1:00:00 PM","0.91","5.00"
"16/01/2020 12:00:00 PM","0.95","5.00"
"16/01/2020 11:00:00 AM","1.02","5.00"
"16/01/2020 10:00:00 AM","0.96","11.00"
"16/01/2020 9:00:00 AM","1.06","7.00"
"16/01/2020 8:00:00 AM","0.99","15.00"
"16/01/2020 7:00:00 AM","1.02","6.00"
"16/01/2020 6:00:00 AM","0.98","5.00"
"16/01/2020 5:00:00 AM","1.12","0.00"
"16/01/2020 4:00:00 AM","0.88","4.00"
"16/01/2020 3:00:00 AM","1.16","4.00"
"16/01/2020 2:00:00 AM","0.80","5.00"
"16/01/2020 1:00:00 AM","0.98","4.00"
"16/01/2020 12:00:00 AM","0.79","11.00"
"15/01/2020 11:00:00 PM","1.00","6.00"
"15/01/2020 10:00:00 PM","0.94","4.00"
"15/01/2020 9:00:00 PM","0.98","5.00"
"15/01/2020 8:00:00 PM","1.02","5.00"
"15/01/2020 7:00:00 PM","0.84","4.00"
"15/01/2020 6:00:00 PM","0.83","7.00"
"15/01/2020 5:00:00 PM","0.73","3.00"
"15/01/2020 4:00:00 PM","0.74","4.00"
"15/01/2020 3:00:00 PM","0.77","4.00"
"15/01/2020 2:00:00 PM","0.84","0.00"
"15/01/2020 1:00:00 PM","0.89","4.00"
"15/01/2020 12:00:00 PM","0.88","1.00"
"15/01/2020 11:00:00 AM","0.88","4.00"
"15/01/2020 10:00:00 AM","0.87","4.00"
"15/01/2020 9:00:00 AM","0.93","6.00"
"15/01/2020 8:00:00 AM","0.98","9.00"
"15/01/2020 7:00:00 AM","1.02","4.00"
"15/01/2020 6:00:00 AM","0.84","5.00"
"15/01/2020 5:00:00 AM","1.03","0.00"
"15/01/2020 4:00:00 AM","0.79","4.00"
"15/01/2020 3:00:00 AM","1.02","4.00"
"15/01/2020 2:00:00 AM","0.80","5.00"
"15/01/2020 1:00:00 AM","0.96","4.00"
"15/01/2020 12:00:00 AM","0.78","5.00"
"14/01/2020 11:00:00 PM","0.94","5.00"
"14/01/2020 10:00:00 PM","0.92","4.00"
"14/01/2020 9:00:00 PM","0.87","5.00"
"14/01/2020 8:00:00 PM","0.88","0.00"
"14/01/2020 7:00:00 PM","0.81","4.00"
"14/01/2020 6:00:00 PM","0.79","4.00"
"14/01/2020 5:00:00 PM","0.79","0.00"
"14/01/2020 4:00:00 PM","0.83","5.00"
"14/01/2020 3:00:00 PM","0.84","4.00"
"14/01/2020 2:00:00 PM","0.93","4.00"
"14/01/2020 1:00:00 PM","0.97","0.00"
"14/01/2020 12:00:00 PM","0.93","5.00"
"14/01/2020 11:00:00 AM","0.95","9.00"
"14/01/2020 10:00:00 AM","0.99","6.00"
"14/01/2020 9:00:00 AM","1.01","5.00"
"14/01/2020 8:00:00 AM","1.04","4.00"
"14/01/2020 7:00:00 AM","1.03","8.00"
"14/01/2020 6:00:00 AM","0.98","6.00"
"14/01/2020 5:00:00 AM","1.05","0.00"
"14/01/2020 4:00:00 AM","1.08","4.00"
"14/01/2020 3:00:01 AM","0.90","4.00"
"14/01/2020 2:00:00 AM","1.06","4.00"
"14/01/2020 1:00:00 AM","0.81","0.00"
"14/01/2020 12:00:00 AM","1.03","4.00"
"13/01/2020 11:00:00 PM","0.92","7.00"
"13/01/2020 10:00:00 PM","0.87","6.00"
"13/01/2020 9:00:00 PM","0.89","0.00"
"13/01/2020 8:00:00 PM","0.92","5.00"
"13/01/2020 7:00:00 PM","0.86","4.00"
"13/01/2020 6:00:00 PM","0.85","4.00"
"13/01/2020 5:00:00 PM","0.86","0.00"
"13/01/2020 4:00:00 PM","0.89","4.00"
"13/01/2020 3:00:00 PM","0.91","4.00"
"13/01/2020 2:00:00 PM","1.02","4.00"
"13/01/2020 1:00:00 PM","0.96","5.00"
"13/01/2020 12:00:00 PM","0.97","5.00"
"13/01/2020 11:00:00 AM","0.99","7.00"
"13/01/2020 10:00:00 AM","1.02","10.00"
"13/01/2020 9:00:00 AM","1.09","17.00"
"13/01/2020 8:00:00 AM","1.07","26.00"
"13/01/2020 7:00:00 AM","1.11","18.00"
"13/01/2020 6:00:00 AM","1.07","16.00"
"13/01/2020 5:00:00 AM","1.02","9.00"
"13/01/2020 4:00:00 AM","1.13","5.00"
"13/01/2020 3:00:00 AM","1.06","4.00"
"13/01/2020 2:00:01 AM","1.02","6.00"
"13/01/2020 1:00:00 AM","1.07","7.00"
"13/01/2020 12:00:00 AM","1.07","7.00"
"12/01/2020 11:00:00 PM","1.05","5.00"
"12/01/2020 10:00:00 PM","0.97","4.00"
"12/01/2020 9:00:00 PM","1.08","4.00"
"12/01/2020 8:00:00 PM","1.06","4.00"
"12/01/2020 7:00:00 PM","1.01","5.00"
"12/01/2020 6:00:00 PM","1.03","5.00"
"12/01/2020 5:00:00 PM","0.98","4.00"
"12/01/2020 4:00:00 PM","0.95","5.00"
"12/01/2020 3:00:00 PM","1.06","9.00"
"12/01/2020 2:00:00 PM","0.97","6.00"
"12/01/2020 1:00:00 PM","0.98","5.00"
"12/01/2020 12:00:00 PM","1.12","11.00"
"12/01/2020 11:00:00 AM","1.00","5.00"
"12/01/2020 10:00:00 AM","0.95","9.00"
"12/01/2020 9:00:00 AM","1.10","9.00"
"12/01/2020 8:00:00 AM","1.05","6.00"
"12/01/2020 7:00:00 AM","1.05","10.00"
"12/01/2020 6:00:00 AM","1.01","6.00"
"12/01/2020 5:00:00 AM","1.14","4.00"
"12/01/2020 4:00:00 AM","0.84","4.00"
"12/01/2020 3:00:00 AM","1.20","8.00"
"12/01/2020 2:00:00 AM","0.90","7.00"
"12/01/2020 1:00:00 AM","1.17","6.00"
"12/01/2020 12:00:00 AM","0.93","9.00"
"11/01/2020 11:00:00 PM","1.16","6.00"
"11/01/2020 10:00:00 PM","0.81","5.00"
"11/01/2020 9:00:00 PM","1.18","4.00"
"11/01/2020 8:00:00 PM","1.04","7.00"
"11/01/2020 7:00:00 PM","0.99","6.00"
"11/01/2020 6:00:00 PM","0.99","4.00"
"11/01/2020 5:00:00 PM","1.03","5.00"
"11/01/2020 4:00:00 PM","1.15","9.00"
"11/01/2020 3:00:00 PM","0.99","5.00"
"11/01/2020 2:00:00 PM","1.06","5.00"
"11/01/2020 1:00:00 PM","1.08","10.00"
"11/01/2020 12:00:00 PM","1.03","6.00"
"11/01/2020 11:00:00 AM","1.15","12.00"
"11/01/2020 10:00:00 AM","1.04","6.00"
"11/01/2020 9:00:00 AM","1.19","11.00"
"11/01/2020 8:00:00 AM","0.98","6.00"
"11/01/2020 7:00:00 AM","1.12","4.00"
"11/01/2020 6:00:00 AM","0.98","5.00"
"11/01/2020 5:00:00 AM","1.18","4.00"
"11/01/2020 4:00:00 AM","0.98","4.00"
"11/01/2020 3:00:00 AM","1.11","4.00"
"11/01/2020 2:00:00 AM","1.19","4.00"
"11/01/2020 1:00:00 AM","0.86","5.00"
"11/01/2020 12:00:00 AM","1.19","5.00"
"10/01/2020 11:00:00 PM","1.01","4.00"
"10/01/2020 10:00:00 PM","1.14","5.00"
"10/01/2020 9:00:00 PM","1.15","4.00"
"10/01/2020 8:00:00 PM","1.08","7.00"
"10/01/2020 7:00:00 PM","1.20","10.00"
"10/01/2020 6:00:00 PM","1.17","6.00"
"10/01/2020 5:00:00 PM","1.09","12.00"
"10/01/2020 4:00:00 PM","1.13","5.00"
"10/01/2020 3:00:00 PM","0.92","4.00"
"10/01/2020 2:00:00 PM","0.95","4.00"
"10/01/2020 1:00:00 PM","1.01","4.00"
"10/01/2020 12:00:00 PM","0.92","0.00"
"10/01/2020 11:00:00 AM","1.00","4.00"
"10/01/2020 10:00:00 AM","0.93","5.00"
"10/01/2020 9:00:00 AM","0.98","6.00"
"10/01/2020 8:00:00 AM","1.01","7.00"
"10/01/2020 7:00:00 AM","1.13","5.00"
"10/01/2020 6:00:00 AM","0.85","4.00"
"10/01/2020 5:00:00 AM","1.02","0.00"
"10/01/2020 4:00:00 AM","1.19","4.00"
"10/01/2020 3:00:00 AM","0.80","3.00"
"10/01/2020 2:00:00 AM","1.18","5.00"
"10/01/2020 1:00:00 AM","0.86","5.00"
"10/01/2020 12:00:00 AM","0.87","5.00"
"9/01/2020 11:00:00 PM","0.97","9.00"
"9/01/2020 10:00:00 PM","0.94","6.00"
"9/01/2020 9:00:00 PM","0.94","4.00"
"9/01/2020 8:00:00 PM","1.02","4.00"
"9/01/2020 7:00:00 PM","0.88","2.00"
"9/01/2020 6:00:00 PM","0.88","2.00"
"9/01/2020 5:00:00 PM","0.83","5.00"
"9/01/2020 4:00:00 PM","0.85","4.00"
"9/01/2020 3:00:00 PM","0.82","1.00"
"9/01/2020 2:00:00 PM","0.94","3.00"
"9/01/2020 1:00:00 PM","0.99","3.00"
"9/01/2020 12:00:00 PM","1.12","7.00"
"9/01/2020 11:00:00 AM","1.12","8.00"
"9/01/2020 10:00:00 AM","1.15","4.00"
"9/01/2020 9:00:00 AM","1.12","14.00"
"9/01/2020 8:00:00 AM","1.14","12.00"
"9/01/2020 7:00:00 AM","1.16","8.00"
"9/01/2020 6:00:00 AM","1.19","7.00"
"9/01/2020 5:00:00 AM","1.11","1.00"
"9/01/2020 4:00:00 AM","1.08","3.00"
"9/01/2020 3:00:00 AM","1.06","3.00"
"9/01/2020 2:00:00 AM","1.11","5.00"
"9/01/2020 1:00:00 AM","0.94","4.00"
"9/01/2020 12:00:00 AM","1.11","5.00"
"8/01/2020 11:00:00 PM","1.06","12.00"
"8/01/2020 10:00:00 PM","1.00","7.00"
"8/01/2020 9:00:00 PM","1.10","6.00"
"8/01/2020 8:00:00 PM","1.16","7.00"
"8/01/2020 7:00:00 PM","1.17","6.00"
"8/01/2020 6:00:00 PM","1.16","5.00"
"8/01/2020 5:00:00 PM","1.16","7.00"
"8/01/2020 4:00:00 PM","1.18","8.00"
"8/01/2020 3:00:00 PM","1.20","4.00"
"8/01/2020 2:00:00 PM","1.20","5.00"
"8/01/2020 1:00:00 PM","1.20","8.00"
"8/01/2020 12:00:00 PM","1.19","6.00"
"8/01/2020 11:00:00 AM","1.17","5.00"
"8/01/2020 10:00:00 AM","1.18","9.00"
"8/01/2020 9:00:00 AM","1.18","9.00"
"8/01/2020 8:00:00 AM","1.18","23.00"
"8/01/2020 7:00:00 AM","1.19","7.00"
"8/01/2020 6:00:00 AM","1.19","12.00"
"8/01/2020 5:00:00 AM","1.19","4.00"
"8/01/2020 4:00:00 AM","1.17","1.00"
"8/01/2020 3:00:00 AM","0.91","3.00"
"8/01/2020 2:00:00 AM","1.19","3.00"
"8/01/2020 1:00:00 AM","0.82","4.00"
"8/01/2020 12:00:00 AM","1.17","5.00"
"7/01/2020 11:00:00 PM","1.20","5.00"
"7/01/2020 10:00:00 PM","1.20","8.00"
"7/01/2020 9:00:00 PM","1.20","7.00"
"7/01/2020 8:00:00 PM","1.22","4.00"
"7/01/2020 7:00:00 PM","1.23","10.00"
"7/01/2020 6:00:00 PM","1.25","8.00"
"7/01/2020 5:00:00 PM","1.27","7.00"
"7/01/2020 4:00:00 PM","1.28","9.00"
"7/01/2020 3:00:00 PM","1.30","7.00"
"7/01/2020 2:00:00 PM","1.29","10.00"
"7/01/2020 1:00:00 PM","1.25","9.00"
"7/01/2020 12:00:00 PM","1.21","11.00"
"7/01/2020 11:00:00 AM","1.18","12.00"
"7/01/2020 10:00:00 AM","1.18","15.00"
"7/01/2020 9:00:00 AM","1.18","10.00"
"7/01/2020 8:00:00 AM","1.19","21.00"
"7/01/2020 7:00:00 AM","1.18","12.00"
"7/01/2020 6:00:00 AM","1.18","10.00"
"7/01/2020 5:00:00 AM","1.03","6.00"
"7/01/2020 4:00:00 AM","1.11","1.00"
"7/01/2020 3:00:00 AM","1.04","3.00"
"7/01/2020 2:00:00 AM","1.03","8.00"
"7/01/2020 1:00:00 AM","0.99","6.00"
"7/01/2020 12:00:00 AM","1.07","10.00"
"6/01/2020 11:00:00 PM","0.96","5.00"
"6/01/2020 10:00:00 PM","1.17","11.00"
"6/01/2020 9:00:00 PM","0.92","5.00"
"6/01/2020 8:00:00 PM","1.11","7.00"
"6/01/2020 7:00:00 PM","1.12","12.00"
"6/01/2020 6:00:00 PM","1.17","10.00"
"6/01/2020 5:00:00 PM","1.04","13.00"
"6/01/2020 4:00:00 PM","1.12","16.00"
"6/01/2020 3:00:00 PM","0.97","14.00"
"6/01/2020 2:00:00 PM","1.02","13.00"
"6/01/2020 1:00:00 PM","0.95","11.00"
"6/01/2020 12:00:00 PM","0.89","14.00"
"6/01/2020 11:00:00 AM","1.09","20.00"
"6/01/2020 10:00:00 AM","1.11","22.00"
"6/01/2020 9:00:00 AM","1.03","25.00"
"6/01/2020 8:00:00 AM","1.19","25.00"
"6/01/2020 7:00:00 AM","0.99","18.00"
"6/01/2020 6:00:00 AM","1.20","16.00"
"6/01/2020 5:00:00 AM","1.10","8.00"
"6/01/2020 4:00:00 AM","1.20","4.00"
"6/01/2020 3:00:00 AM","1.18","3.00"
"6/01/2020 2:00:00 AM","0.92","4.00"
"6/01/2020 1:00:00 AM","1.20","5.00"
"6/01/2020 12:00:00 AM","1.02","4.00"
"5/01/2020 11:00:00 PM","1.13","9.00"
"5/01/2020 10:00:00 PM","1.16","7.00"
"5/01/2020 9:00:00 PM","1.10","8.00"
"5/01/2020 8:00:00 PM","1.04","9.00"
"5/01/2020 7:00:00 PM","1.06","5.00"
"5/01/2020 6:00:00 PM","1.16","8.00"
"5/01/2020 5:00:00 PM","1.02","6.00"
"5/01/2020 4:00:00 PM","1.09","5.00"
"5/01/2020 3:00:00 PM","1.09","4.00"
"5/01/2020 2:00:00 PM","1.10","9.00"
"5/01/2020 1:00:00 PM","1.18","5.00"
"5/01/2020 12:00:00 PM","0.97","7.00"
"5/01/2020 11:00:00 AM","1.10","7.00"
"5/01/2020 10:00:00 AM","1.20","5.00"
"5/01/2020 9:00:00 AM","1.01","4.00"
"5/01/2020 8:00:00 AM","1.10","5.00"
"5/01/2020 7:00:00 AM","1.00","4.00"
"5/01/2020 6:00:00 AM","1.06","4.00"
"5/01/2020 5:00:00 AM","1.05","4.00"
"5/01/2020 4:00:00 AM","1.07","4.00"
"5/01/2020 3:00:00 AM","1.02","4.00"
"5/01/2020 2:00:00 AM","1.13","4.00"
"5/01/2020 1:00:00 AM","0.89","4.00"
"5/01/2020 12:00:00 AM","1.10","4.00"
"4/01/2020 11:00:00 PM","1.10","4.00"
"4/01/2020 10:00:00 PM","0.97","4.00"
"4/01/2020 9:00:00 PM","1.11","4.00"
"4/01/2020 8:00:00 PM","0.94","4.00"
"4/01/2020 7:00:00 PM","1.02","4.00"
"4/01/2020 6:00:00 PM","0.93","4.00"
"4/01/2020 5:00:00 PM","0.96","4.00"
"4/01/2020 4:00:00 PM","0.87","4.00"
"4/01/2020 3:00:00 PM","0.94","4.00"
"4/01/2020 2:00:00 PM","1.02","4.00"
"4/01/2020 1:00:00 PM","0.93","4.00"
"4/01/2020 12:00:00 PM","0.88","4.00"
"4/01/2020 11:00:00 AM","0.90","4.00"
"4/01/2020 10:00:00 AM","0.95","4.00"
"4/01/2020 9:00:00 AM","0.98","5.00"
"4/01/2020 8:00:00 AM","0.92","3.00"
"4/01/2020 7:00:00 AM","0.98","4.00"
"4/01/2020 6:00:00 AM","0.89","0.00"
"4/01/2020 5:00:00 AM","0.97","3.00"
"4/01/2020 4:00:00 AM","1.18","4.00"
"4/01/2020 3:00:00 AM","0.83","0.00"
"4/01/2020 2:00:00 AM","1.13","3.00"
"4/01/2020 1:00:00 AM","0.78","4.00"
"4/01/2020 12:00:00 AM","0.93","4.00"
"3/01/2020 11:00:00 PM","0.99","6.00"
"3/01/2020 10:00:00 PM","0.76","2.00"
"3/01/2020 9:00:00 PM","0.87","1.00"
"3/01/2020 8:00:00 PM","0.87","4.00"
"3/01/2020 7:00:00 PM","0.75","8.00"
"3/01/2020 6:00:00 PM","0.74","2.00"
"3/01/2020 5:00:00 PM","0.77","3.00"
"3/01/2020 4:00:00 PM","0.52","3.00"
"3/01/2020 3:00:00 PM","0.65","0.00"
"3/01/2020 2:00:00 PM","0.73","3.00"
"3/01/2020 1:00:00 PM","0.75","4.00"
"3/01/2020 12:00:00 PM","0.83","6.00"
"3/01/2020 11:00:00 AM","0.88","4.00"
"3/01/2020 10:00:00 AM","1.01","7.00"
"3/01/2020 9:00:00 AM","0.96","4.00"
"3/01/2020 8:00:00 AM","0.96","7.00"
"3/01/2020 7:00:00 AM","0.92","4.00"
"3/01/2020 6:00:00 AM","0.91","3.00"
"3/01/2020 5:00:00 AM","0.83","3.00"
"3/01/2020 4:00:00 AM","1.12","3.00"
"3/01/2020 3:00:00 AM","0.90","1.00"
"3/01/2020 2:00:00 AM","1.15","2.00"
"3/01/2020 1:00:00 AM","0.85","3.00"
"3/01/2020 12:00:00 AM","0.80","4.00"
"2/01/2020 11:00:00 PM","1.07","3.00"
"2/01/2020 10:00:00 PM","1.09","5.00"
"2/01/2020 9:00:00 PM","0.91","5.00"
"2/01/2020 8:00:00 PM","1.05","4.00"
"2/01/2020 7:00:00 PM","0.79","3.00"
"2/01/2020 6:00:00 PM","0.79","3.00"
"2/01/2020 5:00:00 PM","0.77","5.00"
"2/01/2020 4:00:00 PM","0.43","6.00"
"2/01/2020 3:00:00 PM","0.73","3.00"
"2/01/2020 2:00:00 PM","0.76","4.00"
"2/01/2020 1:00:00 PM","0.89","4.00"
"2/01/2020 12:00:00 PM","0.78","6.00"
"2/01/2020 11:00:00 AM","0.87","3.00"
"2/01/2020 10:00:00 AM","0.89","3.00"
"2/01/2020 9:00:01 AM","0.91","7.00"
"2/01/2020 8:00:00 AM","0.92","4.00"
"2/01/2020 7:00:00 AM","0.94","6.00"
"2/01/2020 6:00:00 AM","0.86","4.00"
"2/01/2020 5:00:00 AM","0.81","3.00"
"2/01/2020 4:00:00 AM","0.94","1.00"
"2/01/2020 3:00:00 AM","1.16","2.00"
"2/01/2020 2:00:00 AM","0.96","3.00"
"2/01/2020 1:00:00 AM","1.04","3.00"
"2/01/2020 12:00:00 AM","0.94","7.00"
"1/01/2020 11:00:00 PM","1.07","3.00"
"1/01/2020 10:00:00 PM","0.97","4.00"
"1/01/2020 9:00:00 PM","1.00","6.00"
"1/01/2020 8:00:00 PM","1.00","4.00"
"1/01/2020 7:00:00 PM","0.95","3.00"
"1/01/2020 6:00:00 PM","0.97","4.00"
"1/01/2020 5:00:00 PM","0.94","7.00"
"1/01/2020 4:00:00 PM","0.87","3.00"
"1/01/2020 3:00:00 PM","0.90","3.00"
"1/01/2020 2:00:00 PM","0.96","4.00"
"1/01/2020 1:00:00 PM","0.92","6.00"
"1/01/2020 12:00:00 PM","0.95","4.00"
"1/01/2020 11:00:00 AM","1.08","3.00"
"1/01/2020 10:00:00 AM","0.94","5.00"
"1/01/2020 9:00:00 AM","1.18","5.00"
"1/01/2020 8:00:01 AM","0.82","7.00"
"1/01/2020 7:00:00 AM","1.07","5.00"
"1/01/2020 6:00:00 AM","1.02","7.00"
"1/01/2020 5:00:00 AM","1.01","4.00"
"1/01/2020 4:00:00 AM","1.13","7.00"
"1/01/2020 3:00:00 AM","0.95","3.00"
"1/01/2020 2:00:00 AM","0.99","4.00"
"1/01/2020 1:00:00 AM","0.91","6.00"
"1/01/2020 12:00:00 AM","1.05","4.00"
"31/12/2019 11:00:00 PM","1.05","3.00"
"31/12/2019 10:00:00 PM","1.12","7.00"
"31/12/2019 9:00:00 PM","0.89","3.00"
"31/12/2019 8:00:00 PM","0.97","4.00"
"31/12/2019 7:00:00 PM","1.04","5.00"
"31/12/2019 6:00:00 PM","1.07","5.00"
"31/12/2019 5:00:00 PM","0.85","3.00"
"31/12/2019 4:00:00 PM","0.93","6.00"
"31/12/2019 3:00:00 PM","0.93","4.00"
"31/12/2019 2:00:00 PM","0.97","4.00"
"31/12/2019 1:00:00 PM","0.99","3.00"
"31/12/2019 12:00:00 PM","0.96","7.00"
"31/12/2019 11:00:00 AM","","3.00"
